Data,Origem Lead,Gasto em Marketing,Leads,Ingressantes no Webinar,Vendedor
7/1/2019,Facebook Ads,634,15,14,Felipe
7/1/2019,Google Ads,565,17,16,João
7/1/2019,Facebook Ads,416,28,8,Jorge
7/1/2019,Blog,611,14,14,Jorge
7/1/2019,Blog,146,31,9,Maria
7/1/2019,Email Marketing,935,16,8,Clarita
7/1/2019,Email Marketing,1411,26,16,Karina
7/1/2019,Facebook,795,18,11,Oscar
7/2/2019,Blog,850,21,18,Karina
7/2/2019,Email Marketing,1057,32,9,Maria
7/2/2019,Facebook Ads,350,23,10,Rodolfo
7/2/2019,Google Ads,681,15,9,Allan
7/2/2019,Facebook Ads,593,31,20,Rodolfo
7/2/2019,Blog,528,34,6,Rodolfo
7/2/2019,Email Marketing,664,18,13,Oscar
7/2/2019,Email Marketing,1208,14,8,Maria
7/2/2019,Blog,821,24,6,Rodolfo
7/3/2019,Email Marketing,307,14,9,Rodolfo
7/3/2019,Email Marketing,378,31,20,Karina
7/3/2019,Facebook Ads,657,34,31,Roberto
7/3/2019,Google Ads,1113,22,6,Oscar
7/3/2019,Facebook Ads,1047,18,6,Jorge
7/4/2019,Blog,207,24,7,Oscar
7/4/2019,Facebook Ads,1013,32,15,Allan
7/4/2019,Email Marketing,130,21,11,Jorge
7/4/2019,Email Marketing,992,22,13,Roberto
7/4/2019,Email Marketing,1427,31,27,Felipe
7/4/2019,Email Marketing,196,26,15,Maria
7/4/2019,Facebook Ads,625,16,13,Karina
7/4/2019,Email Marketing,848,25,25,Felipe
7/4/2019,Email Marketing,860,17,9,Allan
7/4/2019,Email Marketing,681,24,13,Thaize
7/4/2019,Afiliados,1032,14,10,Roberto
7/4/2019,Google Ads,445,19,8,Clarita
7/4/2019,Google Ads,157,34,32,Karina
7/4/2019,Facebook Ads,281,24,16,Allan
7/4/2019,Blog,949,13,10,Rodolfo
7/4/2019,Email Marketing,1110,28,17,Jorge
7/4/2019,Email Marketing,1480,29,11,João
7/4/2019,Email Marketing,156,14,13,Maria
7/4/2019,Blog,1386,14,6,Maria
7/4/2019,Email Marketing,524,30,10,Roberto
7/4/2019,Email Marketing,904,23,6,Allan
7/4/2019,Email Marketing,623,17,11,Clarita
7/4/2019,Outross,1453,30,13,Rodolfo
7/4/2019,Blog,370,24,21,Maria
7/4/2019,Email Marketing,1166,35,7,Rodolfo
7/4/2019,Email Marketing,1221,22,19,João
7/4/2019,Outross,808,25,18,Jorge
7/4/2019,Outross,348,18,16,Thaize
7/4/2019,Afiliados,760,30,14,Rodolfo
7/4/2019,Blog,490,33,31,Jorge
7/4/2019,Afiliados,1280,30,26,João
7/5/2019,Facebook Ads,685,29,18,Maria
7/5/2019,Email Marketing,774,33,9,Karina
7/5/2019,Email Marketing,523,33,8,Jorge
7/5/2019,Email Marketing,409,13,10,Roberto
7/5/2019,Facebook Ads,1324,30,9,Jorge
7/5/2019,Outross,723,26,10,Jorge
7/5/2019,Email Marketing,1064,19,19,Thaize
7/5/2019,Afiliados,1040,24,10,João
7/5/2019,Blog,314,27,19,Roberto
7/5/2019,Google Ads,1028,24,14,Roberto
7/5/2019,Google Ads,861,24,8,Maria
7/5/2019,Email Marketing,1117,26,8,Oscar
7/5/2019,Facebook Ads,97,15,13,Rodolfo
7/5/2019,Blog,482,30,9,Roberto
7/5/2019,Email Marketing,207,22,22,Clarita
7/5/2019,Facebook,460,22,9,Allan
7/5/2019,Email Marketing,1230,14,14,Felipe
7/5/2019,Blog,824,27,19,Karina
7/5/2019,Email Marketing,782,29,20,Oscar
7/5/2019,Email Marketing,1095,12,11,Thaize
7/5/2019,Afiliados,616,35,8,Clarita
7/5/2019,Email Marketing,1256,15,7,Karina
7/5/2019,Email Marketing,1268,33,27,Allan
7/5/2019,Email Marketing,1414,13,11,Jorge
7/5/2019,Outross,489,17,6,Allan
7/5/2019,Outross,557,33,22,João
7/5/2019,Afiliados,1231,17,10,Felipe
7/5/2019,Blog,1115,30,12,Thaize
7/5/2019,Afiliados,1437,23,13,Allan
7/6/2019,Email Marketing,1093,22,12,Karina
7/6/2019,Google Ads,890,20,7,Rodolfo
7/6/2019,Facebook Ads,556,31,31,Jorge
7/6/2019,Blog,303,19,16,Allan
7/6/2019,Blog,616,26,10,Thaize
7/6/2019,Email Marketing,616,12,12,Felipe
7/7/2019,Email Marketing,245,21,20,Rodolfo
7/7/2019,Facebook Ads,75,32,23,Thaize
7/7/2019,Google Ads,270,21,9,Clarita
7/7/2019,Facebook Ads,408,18,9,Karina
7/7/2019,Blog,313,34,21,Jorge
7/7/2019,Blog,88,13,9,Allan
7/7/2019,Email Marketing,111,35,9,Rodolfo
7/7/2019,Blog,381,35,35,Oscar
7/8/2019,Blog,1289,21,14,Jorge
7/8/2019,Facebook Ads,449,22,18,Oscar
7/8/2019,Email Marketing,442,32,14,Jorge
7/8/2019,Afiliados,667,12,11,Karina
7/8/2019,Google Ads,263,18,7,Roberto
7/8/2019,Blog,997,20,8,Oscar
7/8/2019,Email Marketing,1489,15,12,Jorge
7/8/2019,Blog,210,21,17,Rodolfo
7/9/2019,Email Marketing,924,29,25,Thaize
7/9/2019,Google Ads,1227,25,19,João
7/10/2019,Email Marketing,847,13,13,Jorge
7/10/2019,Google Ads,887,29,26,Thaize
7/10/2019,Blog,909,21,20,Allan
7/10/2019,Email Marketing,1466,14,7,Rodolfo
7/10/2019,Facebook,1364,16,16,Allan
7/11/2019,Blog,149,32,14,Maria
7/11/2019,Email Marketing,1069,17,8,Roberto
7/11/2019,Email Marketing,371,32,21,Thaize
7/11/2019,Email Marketing,987,23,9,Roberto
7/11/2019,Email Marketing,469,15,7,Rodolfo
7/11/2019,Afiliados,1343,26,19,Rodolfo
7/11/2019,Google Ads,816,20,16,Jorge
7/11/2019,Email Marketing,637,17,7,Oscar
7/11/2019,Blog,184,24,15,Felipe
7/11/2019,Email Marketing,480,25,7,João
7/11/2019,Email Marketing,1035,13,9,Jorge
7/11/2019,Blog,1374,26,23,Allan
7/11/2019,Email Marketing,982,19,13,Karina
7/11/2019,Email Marketing,1014,30,30,Maria
7/11/2019,Email Marketing,125,25,12,Rodolfo
7/11/2019,Blog,1464,27,16,Clarita
7/11/2019,Email Marketing,827,23,22,Felipe
7/11/2019,Email Marketing,104,29,28,Oscar
7/11/2019,Email Marketing,458,22,19,Thaize
7/11/2019,Email Marketing,624,33,33,Karina
7/11/2019,Outross,712,35,21,Rodolfo
7/11/2019,Outross,204,34,21,Felipe
7/11/2019,Afiliados,459,14,14,Thaize
7/11/2019,Blog,992,31,25,Felipe
7/11/2019,Afiliados,340,32,23,Rodolfo
7/12/2019,Email Marketing,687,32,9,Oscar
7/12/2019,Email Marketing,713,29,25,Felipe
7/12/2019,Email Marketing,1219,14,12,Clarita
7/12/2019,Afiliados,156,22,20,Oscar
7/12/2019,Outross,811,21,13,Karina
7/12/2019,Facebook Ads,1271,16,14,João
7/12/2019,Email Marketing,979,12,7,Jorge
7/12/2019,Afiliados,1183,30,15,Oscar
7/12/2019,Google Ads,669,29,10,Rodolfo
7/12/2019,Email Marketing,1105,29,12,Jorge
7/12/2019,Blog,1138,31,9,Karina
7/12/2019,Email Marketing,498,28,16,Maria
7/12/2019,Email Marketing,813,35,13,Oscar
7/12/2019,Email Marketing,885,12,8,Thaize
7/12/2019,Email Marketing,321,20,17,Jorge
7/12/2019,Email Marketing,377,12,10,Maria
7/12/2019,Email Marketing,1476,28,23,Oscar
7/12/2019,Outross,1209,21,10,Clarita
7/12/2019,Afiliados,1416,15,12,Oscar
7/12/2019,Blog,1035,30,18,Jorge
7/12/2019,Afiliados,1208,34,11,Thaize
7/13/2019,Afiliados,793,33,16,João
7/13/2019,Google Ads,923,14,11,Roberto
7/13/2019,Email Marketing,337,34,24,Karina
7/13/2019,Blog,749,23,8,Felipe
7/13/2019,Blog,294,32,18,Jorge
7/13/2019,Afiliados,766,31,10,João
7/13/2019,Blog,434,34,16,Felipe
7/14/2019,Blog,443,15,9,Jorge
7/14/2019,Blog,1214,30,22,Jorge
7/14/2019,Email Marketing,882,16,14,Jorge
7/14/2019,Email Marketing,1337,26,20,Rodolfo
7/14/2019,Email Marketing,213,30,7,Allan
7/14/2019,Email Marketing,641,34,14,Karina
7/14/2019,Email Marketing,208,34,21,Karina
7/14/2019,Afiliados,298,24,21,Oscar
7/14/2019,Google Ads,603,35,20,Jorge
7/14/2019,Google Ads,970,29,17,Karina
7/14/2019,Email Marketing,1346,16,15,Karina
7/14/2019,Facebook Ads,248,24,19,Roberto
7/14/2019,Blog,189,23,6,Jorge
7/14/2019,Email Marketing,1025,27,19,Jorge
7/14/2019,Email Marketing,864,13,7,Allan
7/14/2019,Email Marketing,788,14,7,Roberto
7/14/2019,Outross,415,14,8,Thaize
7/14/2019,Email Marketing,512,25,6,Oscar
7/14/2019,Email Marketing,100,18,14,Felipe
7/14/2019,Outross,532,29,17,João
7/14/2019,Outross,739,23,21,Allan
7/14/2019,Afiliados,639,30,21,Jorge
7/14/2019,Blog,822,23,14,Jorge
7/15/2019,Blog,870,30,26,Rodolfo
7/15/2019,Email Marketing,1079,18,8,Clarita
7/15/2019,Google Ads,1358,31,31,Roberto
7/15/2019,Email Marketing,1179,14,13,Oscar
7/15/2019,Blog,675,18,18,Jorge
7/15/2019,Email Marketing,1237,35,26,Maria
7/15/2019,Blog,1079,23,18,Felipe
7/15/2019,Email Marketing,408,15,9,João
7/15/2019,Email Marketing,271,34,31,Felipe
7/15/2019,Afiliados,1340,22,7,Thaize
7/15/2019,Blog,955,24,9,Clarita
7/16/2019,Afiliados,321,12,9,Rodolfo
7/16/2019,Google Ads,1472,26,11,Roberto
7/16/2019,Email Marketing,703,33,31,Jorge
7/17/2019,Email Marketing,931,12,12,Jorge
7/17/2019,Afiliados,460,14,13,Karina
7/17/2019,Google Ads,1294,30,25,Maria
7/17/2019,Afiliados,406,18,14,Felipe
7/18/2019,Email Marketing,1166,28,14,Felipe
7/18/2019,Facebook Ads,451,20,10,Thaize
7/18/2019,Google Ads,1142,24,8,Thaize
7/18/2019,Email Marketing,611,21,21,Thaize
7/18/2019,Blog,215,14,11,Rodolfo
7/18/2019,Afiliados,645,24,19,Roberto
7/18/2019,Blog,324,22,10,Maria
7/19/2019,Email Marketing,310,22,13,Rodolfo
7/19/2019,Email Marketing,1371,34,8,Jorge
7/19/2019,Afiliados,340,29,23,Karina
7/19/2019,Facebook Ads,342,13,6,Karina
7/19/2019,Email Marketing,764,28,23,João
7/19/2019,Email Marketing,950,17,17,Jorge
7/19/2019,Google Ads,242,15,6,Thaize
7/19/2019,Email Marketing,876,29,13,Felipe
7/19/2019,Blog,626,21,10,Jorge
7/19/2019,Email Marketing,478,31,17,Felipe
7/19/2019,Facebook,1063,27,8,Clarita
7/19/2019,Email Marketing,1272,15,15,Jorge
7/19/2019,Blog,878,30,13,Jorge
7/19/2019,Email Marketing,1161,19,10,Jorge
7/19/2019,Email Marketing,993,16,6,Roberto
7/19/2019,Email Marketing,1288,19,14,Clarita
7/19/2019,Outross,1357,12,12,Felipe
7/19/2019,Email Marketing,126,30,9,João
7/19/2019,Email Marketing,177,24,12,Felipe
7/19/2019,Outross,1068,33,33,Karina
7/19/2019,Email Marketing,624,34,12,Felipe
7/19/2019,Email Marketing,525,31,17,João
7/19/2019,Outross,869,15,12,Oscar
7/19/2019,Afiliados,109,24,6,Thaize
7/19/2019,Blog,1026,13,10,Karina
7/19/2019,Afiliados,1123,22,16,Felipe
7/19/2019,Afiliados,134,16,13,Felipe
7/20/2019,Facebook Ads,288,21,17,Oscar
7/20/2019,Google Ads,282,19,16,João
7/20/2019,Blog,516,24,20,Jorge
7/20/2019,Email Marketing,1203,27,25,Oscar
7/20/2019,Afiliados,977,22,11,João
7/20/2019,Afiliados,1402,32,10,Rodolfo
7/20/2019,Email Marketing,914,27,19,Oscar
7/21/2019,Facebook Ads,955,24,16,Karina
7/21/2019,Email Marketing,1129,20,13,Allan
7/21/2019,Google Ads,270,15,13,Rodolfo
7/22/2019,Email Marketing,329,31,27,Clarita
7/22/2019,Facebook Ads,628,18,9,Felipe
7/22/2019,Google Ads,195,18,7,Karina
7/22/2019,Email Marketing,1195,25,12,Oscar
7/22/2019,Blog,456,30,27,Karina
7/22/2019,Blog,128,16,13,Jorge
7/22/2019,Blog,284,32,23,Felipe
7/22/2019,Afiliados,1021,34,9,João
7/23/2019,Facebook Ads,626,29,26,Allan
7/23/2019,Google Ads,1173,31,13,Thaize
7/23/2019,Afiliados,1020,34,30,Roberto
7/24/2019,Facebook Ads,1356,13,8,Jorge
7/24/2019,Google Ads,161,14,7,Jorge
7/24/2019,Email Marketing,872,34,15,Roberto
7/24/2019,Blog,869,17,13,Jorge
7/24/2019,Afiliados,825,35,32,Allan
7/25/2019,Blog,1108,13,7,Thaize
7/25/2019,Email Marketing,1060,35,20,Rodolfo
7/25/2019,Email Marketing,293,19,8,Oscar
7/25/2019,Facebook Ads,1401,35,17,Karina
7/25/2019,Email Marketing,1248,24,14,Thaize
7/25/2019,Email Marketing,1488,21,21,Felipe
7/25/2019,Afiliados,1235,12,6,Roberto
7/25/2019,Google Ads,720,14,8,Felipe
7/25/2019,Blog,430,30,19,Felipe
7/25/2019,Email Marketing,1233,34,25,Thaize
7/25/2019,Blog,80,18,18,João
7/25/2019,Email Marketing,170,18,6,Maria
7/25/2019,Email Marketing,210,31,30,Thaize
7/25/2019,Email Marketing,709,28,21,Clarita
7/25/2019,Email Marketing,553,15,7,Maria
7/25/2019,Email Marketing,276,30,25,Allan
7/25/2019,Email Marketing,526,21,8,Jorge
7/25/2019,Outross,1084,33,29,Roberto
7/25/2019,Email Marketing,972,19,17,Roberto
7/25/2019,Email Marketing,210,35,15,Jorge
7/25/2019,Outross,1343,30,6,Roberto
7/25/2019,Email Marketing,752,13,6,Rodolfo
7/25/2019,Outross,759,18,6,Oscar
7/25/2019,Blog,1055,17,8,Thaize
7/25/2019,Afiliados,339,27,14,Maria
7/25/2019,Afiliados,1152,32,31,Roberto
7/26/2019,Email Marketing,594,21,19,Jorge
7/26/2019,Facebook Ads,297,12,7,Felipe
7/26/2019,Google Ads,518,24,10,Jorge
7/26/2019,Blog,774,21,14,Clarita
7/26/2019,Email Marketing,60,21,12,Rodolfo
7/26/2019,Outross,316,20,12,Jorge
7/26/2019,Blog,729,26,9,Felipe
7/26/2019,Afiliados,904,23,9,Oscar
7/27/2019,Blog,1215,12,9,Felipe
7/27/2019,Blog,809,14,6,Rodolfo
7/27/2019,Blog,925,22,20,Jorge
7/27/2019,Email Marketing,945,12,11,Maria
7/27/2019,Email Marketing,636,33,29,Karina
7/27/2019,Email Marketing,1417,35,33,Jorge
7/27/2019,Facebook Ads,1396,13,10,Roberto
7/27/2019,Outross,836,15,8,Rodolfo
7/27/2019,Facebook Ads,161,32,16,Jorge
7/27/2019,Email Marketing,513,35,23,Thaize
7/27/2019,Google Ads,1032,12,12,Roberto
7/27/2019,Google Ads,1038,34,26,Roberto
7/27/2019,Google Ads,1419,35,15,Oscar
7/27/2019,Google Ads,1445,24,9,Maria
7/27/2019,Email Marketing,1496,33,15,Clarita
7/27/2019,Facebook Ads,955,34,6,Maria
7/27/2019,Blog,817,16,7,Allan
7/27/2019,Email Marketing,585,18,11,Clarita
7/27/2019,Blog,114,19,8,Maria
7/27/2019,Email Marketing,71,30,12,João
7/27/2019,Email Marketing,604,19,12,Felipe
7/27/2019,Email Marketing,677,17,7,Allan
7/27/2019,Email Marketing,1314,24,6,Clarita
7/27/2019,Email Marketing,871,18,17,Oscar
7/27/2019,Email Marketing,64,12,8,Jorge
7/27/2019,Email Marketing,922,17,13,Maria
7/27/2019,Email Marketing,937,31,24,João
7/27/2019,Outross,1134,16,8,João
7/27/2019,Blog,347,13,6,João
7/27/2019,Email Marketing,578,28,25,Maria
7/27/2019,Email Marketing,356,12,8,Oscar
7/27/2019,Email Marketing,701,21,17,Rodolfo
7/27/2019,Email Marketing,428,16,6,João
7/27/2019,Outross,226,14,12,Karina
7/27/2019,Email Marketing,1320,19,11,João
7/27/2019,Facebook,921,35,13,Jorge
7/27/2019,Email Marketing,417,17,12,Roberto
7/27/2019,Outross,1078,29,8,Felipe
7/27/2019,Afiliados,1378,15,13,Roberto
7/27/2019,Afiliados,600,12,10,Jorge
7/27/2019,Blog,302,13,6,Roberto
7/27/2019,Blog,493,13,6,Jorge
7/27/2019,Facebook Ads,267,33,7,Jorge
7/27/2019,Afiliados,645,15,7,Clarita
7/28/2019,Google Ads,1251,23,22,Oscar
7/28/2019,Blog,173,33,31,Roberto
7/28/2019,Email Marketing,1392,28,13,Rodolfo
7/28/2019,Email Marketing,144,27,21,Felipe
7/28/2019,Email Marketing,253,33,13,Rodolfo
7/28/2019,Afiliados,496,25,17,Thaize
7/28/2019,Blog,998,15,9,João
7/29/2019,Blog,467,24,6,Rodolfo
7/29/2019,Email Marketing,1065,35,11,Roberto
7/29/2019,Afiliados,241,34,31,Oscar
7/29/2019,Google Ads,719,33,12,Felipe
7/29/2019,Email Marketing,1277,14,13,Roberto
7/29/2019,Blog,585,34,11,Jorge
7/29/2019,Email Marketing,473,19,14,Allan
7/30/2019,Google Ads,822,35,31,Thaize
7/30/2019,Facebook Ads,129,23,19,João
7/30/2019,Blog,755,26,26,Oscar
7/30/2019,Email Marketing,753,19,6,Jorge
7/30/2019,Afiliados,127,26,22,Karina
7/30/2019,Blog,565,33,33,Thaize
7/31/2019,Google Ads,206,20,16,Jorge
7/31/2019,Blog,778,14,8,Oscar
8/1/2019,Email Marketing,1105,29,28,Felipe
8/1/2019,Google Ads,1181,18,6,João
8/1/2019,Email Marketing,678,17,14,Oscar
8/1/2019,Facebook Ads,82,14,10,Maria
8/1/2019,Blog,1132,27,16,Allan
8/1/2019,Blog,569,34,33,Roberto
8/1/2019,Blog,720,35,9,Oscar
8/2/2019,Blog,695,27,26,Maria
8/2/2019,Blog,1447,23,19,Oscar
8/2/2019,Email Marketing,1285,16,8,Rodolfo
8/2/2019,Email Marketing,873,28,10,Felipe
8/2/2019,Afiliados,318,34,6,Clarita
8/2/2019,Facebook Ads,1095,16,15,Jorge
8/2/2019,Email Marketing,329,34,32,João
8/2/2019,Email Marketing,556,23,16,Clarita
8/2/2019,Afiliados,1221,30,29,Roberto
8/2/2019,Google Ads,421,17,12,Oscar
8/2/2019,Google Ads,953,22,8,Thaize
8/2/2019,Blog,283,21,21,Jorge
8/2/2019,Email Marketing,1234,17,9,Rodolfo
8/2/2019,Blog,153,24,22,Thaize
8/2/2019,Email Marketing,1151,32,11,Jorge
8/2/2019,Email Marketing,1051,23,23,Maria
8/2/2019,Blog,535,34,11,Jorge
8/2/2019,Email Marketing,1003,22,14,Allan
8/2/2019,Email Marketing,1273,16,16,Jorge
8/2/2019,Afiliados,955,30,13,Maria
8/2/2019,Outross,849,32,21,Oscar
8/2/2019,Blog,575,15,8,Roberto
8/2/2019,Afiliados,74,28,16,Felipe
8/2/2019,Email Marketing,649,31,9,Jorge
8/2/2019,Outross,1185,27,9,Allan
8/2/2019,Email Marketing,1039,22,10,Allan
8/2/2019,Outross,1470,21,8,João
8/2/2019,Afiliados,852,19,10,Maria
8/2/2019,Blog,339,35,10,Jorge
8/2/2019,Blog,1383,29,18,Karina
8/2/2019,Afiliados,712,15,15,Clarita
8/3/2019,Afiliados,841,19,10,Thaize
8/3/2019,Google Ads,933,12,7,Maria
8/3/2019,Email Marketing,779,31,23,Jorge
8/3/2019,Blog,167,35,33,Jorge
8/4/2019,Email Marketing,567,21,9,Rodolfo
8/4/2019,Email Marketing,175,13,12,Maria
8/4/2019,Google Ads,1323,28,27,Jorge
8/4/2019,Blog,416,15,11,Oscar
8/4/2019,Email Marketing,604,16,7,Maria
8/4/2019,Blog,174,31,22,Roberto
8/4/2019,Afiliados,390,17,10,Clarita
8/5/2019,Google Ads,94,32,7,Roberto
8/5/2019,Blog,163,32,17,Maria
8/5/2019,Email Marketing,489,23,6,Allan
8/5/2019,Afiliados,804,18,8,Roberto
8/6/2019,Google Ads,596,26,21,Maria
8/6/2019,Blog,671,28,24,Thaize
8/7/2019,Afiliados,64,16,15,Rodolfo
8/7/2019,Google Ads,381,18,15,Rodolfo
8/7/2019,Afiliados,901,27,16,Thaize
8/7/2019,Blog,504,13,6,Roberto
8/8/2019,Email Marketing,1052,30,15,Maria
8/8/2019,Google Ads,1174,34,32,Felipe
8/8/2019,Blog,127,17,16,Allan
8/8/2019,Facebook,373,18,12,Roberto
8/8/2019,Afiliados,928,27,22,Rodolfo
8/8/2019,Blog,77,19,12,Jorge
8/9/2019,Blog,230,33,8,João
8/9/2019,Email Marketing,128,24,19,João
8/9/2019,Email Marketing,762,22,19,Maria
8/9/2019,Facebook Ads,763,35,15,Jorge
8/9/2019,Email Marketing,636,16,8,João
8/9/2019,Email Marketing,442,26,7,Oscar
8/9/2019,Afiliados,858,29,20,Rodolfo
8/9/2019,Facebook Ads,751,31,25,Oscar
8/9/2019,Email Marketing,1117,17,8,Jorge
8/9/2019,Email Marketing,927,35,9,Thaize
8/9/2019,Email Marketing,453,16,7,Rodolfo
8/9/2019,Afiliados,1036,24,11,Karina
8/9/2019,Google Ads,435,24,19,Jorge
8/9/2019,Google Ads,315,32,26,Maria
8/9/2019,Google Ads,1405,34,17,Oscar
8/9/2019,Email Marketing,687,18,17,Jorge
8/9/2019,Blog,1489,18,8,Allan
8/9/2019,Email Marketing,327,23,19,Allan
8/9/2019,Facebook,1125,13,7,Allan
8/9/2019,Email Marketing,1446,24,19,Allan
8/9/2019,Blog,453,19,18,Thaize
8/9/2019,Email Marketing,817,28,14,Jorge
8/9/2019,Email Marketing,1153,26,22,Thaize
8/9/2019,Blog,72,20,9,Felipe
8/9/2019,Email Marketing,883,27,24,Jorge
8/9/2019,Email Marketing,943,20,17,Felipe
8/9/2019,Afiliados,79,32,10,Jorge
8/9/2019,Outross,290,27,19,Rodolfo
8/9/2019,Blog,776,35,24,Felipe
8/9/2019,Email Marketing,326,29,28,Jorge
8/9/2019,Outross,1281,13,13,Thaize
8/9/2019,Email Marketing,449,15,12,Allan
8/9/2019,Facebook,1274,28,21,João
8/9/2019,Blog,1197,27,9,Jorge
8/9/2019,Outross,881,22,11,Allan
8/9/2019,Blog,269,14,7,Rodolfo
8/9/2019,Afiliados,914,16,9,Rodolfo
8/9/2019,Afiliados,487,21,15,Felipe
8/9/2019,Blog,923,16,13,Jorge
8/9/2019,Afiliados,304,21,8,Jorge
8/10/2019,Email Marketing,1076,35,19,Felipe
8/10/2019,Email Marketing,1056,19,12,Oscar
8/10/2019,Email Marketing,144,12,12,Jorge
8/10/2019,Google Ads,966,33,21,Clarita
8/10/2019,Blog,482,35,8,Maria
8/10/2019,Email Marketing,504,20,19,Allan
8/10/2019,Facebook,969,20,16,Karina
8/10/2019,Email Marketing,979,30,15,Thaize
8/10/2019,Email Marketing,797,22,18,Karina
8/10/2019,Email Marketing,861,27,19,Jorge
8/10/2019,Email Marketing,283,35,34,Karina
8/10/2019,Outross,1464,13,8,Clarita
8/10/2019,Outross,1410,14,8,Oscar
8/10/2019,Afiliados,185,29,18,Jorge
8/10/2019,Blog,947,12,9,Clarita
8/11/2019,Email Marketing,628,19,17,Karina
8/11/2019,Email Marketing,1316,25,17,Jorge
8/11/2019,Google Ads,1154,22,8,Maria
8/11/2019,Blog,1211,16,10,Jorge
8/11/2019,Email Marketing,627,12,9,Roberto
8/11/2019,Outross,222,12,7,Jorge
8/11/2019,Email Marketing,1457,29,18,Felipe
8/11/2019,Email Marketing,1474,26,6,Roberto
8/11/2019,Email Marketing,1130,20,17,Allan
8/11/2019,Blog,577,12,7,Jorge
8/12/2019,Blog,824,27,15,João
8/12/2019,Email Marketing,955,22,16,Maria
8/12/2019,Google Ads,660,32,16,Thaize
8/12/2019,Blog,822,12,10,Clarita
8/12/2019,Afiliados,550,19,17,Roberto
8/12/2019,Blog,103,22,12,Clarita
8/13/2019,Google Ads,1409,35,19,Clarita
8/13/2019,Email Marketing,464,23,9,Clarita
8/14/2019,Email Marketing,870,34,16,Felipe
8/14/2019,Google Ads,1384,14,12,Rodolfo
8/14/2019,Email Marketing,454,14,8,Jorge
8/14/2019,Blog,163,22,15,Rodolfo
8/14/2019,Afiliados,1186,16,12,Thaize
8/14/2019,Blog,452,23,14,Thaize
8/15/2019,Afiliados,1131,24,19,Allan
8/15/2019,Email Marketing,1318,24,6,Jorge
8/15/2019,Email Marketing,59,15,10,Jorge
8/15/2019,Google Ads,1120,13,13,Jorge
8/15/2019,Outross,131,24,24,Thaize
8/15/2019,Blog,73,20,15,Clarita
8/16/2019,Email Marketing,1250,27,27,Felipe
8/16/2019,Email Marketing,1417,30,28,Jorge
8/16/2019,Blog,145,32,14,Jorge
8/16/2019,Email Marketing,1349,13,10,Allan
8/16/2019,Email Marketing,619,20,14,Maria
8/16/2019,Email Marketing,1242,15,7,Rodolfo
8/16/2019,Blog,181,19,19,Thaize
8/16/2019,Email Marketing,896,26,22,Jorge
8/16/2019,Afiliados,130,35,18,Thaize
8/16/2019,Google Ads,360,26,8,Thaize
8/16/2019,Email Marketing,1294,16,12,Rodolfo
8/16/2019,Blog,1339,20,7,Maria
8/16/2019,Email Marketing,539,31,28,Karina
8/16/2019,Email Marketing,1133,31,13,João
8/16/2019,Email Marketing,1014,35,24,João
8/16/2019,Email Marketing,900,22,18,Roberto
8/16/2019,Email Marketing,870,15,12,Jorge
8/16/2019,Email Marketing,1133,26,16,João
8/16/2019,Afiliados,253,35,34,Felipe
8/16/2019,Outross,431,29,17,Clarita
8/16/2019,Email Marketing,442,28,9,Jorge
8/16/2019,Email Marketing,1206,25,23,Roberto
8/16/2019,Email Marketing,1497,15,9,Allan
8/16/2019,Outross,1067,21,19,Karina
8/16/2019,Email Marketing,445,15,11,Allan
8/16/2019,Email Marketing,677,27,23,Roberto
8/16/2019,Outross,1195,15,9,Maria
8/16/2019,Afiliados,525,25,21,Karina
8/16/2019,Afiliados,1103,23,13,Maria
8/16/2019,Afiliados,906,15,9,Thaize
8/16/2019,Blog,128,16,15,Thaize
8/16/2019,Afiliados,1372,25,6,Roberto
8/17/2019,Email Marketing,1302,22,22,Thaize
8/17/2019,Google Ads,781,30,10,Oscar
8/17/2019,Email Marketing,340,27,20,Jorge
8/17/2019,Blog,658,14,6,Karina
8/17/2019,Blog,1254,30,7,Maria
8/17/2019,Afiliados,736,23,11,Felipe
8/17/2019,Afiliados,1493,26,7,Roberto
8/18/2019,Google Ads,1418,24,24,Maria
8/18/2019,Email Marketing,795,33,14,João
8/18/2019,Blog,191,22,8,Felipe
8/18/2019,Blog,933,19,9,Rodolfo
8/18/2019,Email Marketing,1051,21,14,Jorge
8/18/2019,Email Marketing,118,35,21,Karina
8/18/2019,Outross,1292,21,18,Jorge
8/19/2019,Facebook Ads,872,17,9,Maria
8/19/2019,Email Marketing,1130,30,26,João
8/19/2019,Afiliados,1324,22,16,Felipe
8/19/2019,Google Ads,981,25,11,Maria
8/19/2019,Email Marketing,1220,22,6,Maria
8/19/2019,Blog,962,12,10,Felipe
8/20/2019,Google Ads,932,34,22,Clarita
8/20/2019,Email Marketing,795,33,17,Rodolfo
8/21/2019,Email Marketing,743,33,17,Thaize
8/21/2019,Google Ads,1408,33,12,Maria
8/21/2019,Email Marketing,333,14,11,Clarita
8/21/2019,Afiliados,432,34,16,Jorge
8/21/2019,Blog,1111,30,27,Roberto
8/22/2019,Email Marketing,538,31,11,Jorge
8/22/2019,Email Marketing,1373,30,7,Roberto
8/22/2019,Google Ads,300,33,8,Thaize
8/22/2019,Email Marketing,985,24,20,Maria
8/22/2019,Outross,148,27,27,João
8/22/2019,Afiliados,1364,23,14,Oscar
8/22/2019,Afiliados,1281,29,18,Allan
8/22/2019,Afiliados,1396,22,12,Oscar
8/22/2019,Blog,581,27,26,Allan
8/23/2019,Blog,830,13,12,Oscar
8/23/2019,Facebook Ads,524,15,11,Roberto
8/23/2019,Blog,109,16,6,Maria
8/23/2019,Blog,265,33,14,Rodolfo
8/23/2019,Email Marketing,1331,24,13,Allan
8/23/2019,Email Marketing,1163,22,14,Jorge
8/23/2019,Email Marketing,1105,22,22,Thaize
8/23/2019,Afiliados,202,29,19,Rodolfo
8/23/2019,Afiliados,772,25,20,Roberto
8/23/2019,Facebook Ads,926,27,19,Karina
8/23/2019,Email Marketing,234,34,6,Roberto
8/23/2019,Outross,612,27,19,Roberto
8/23/2019,Facebook,253,13,13,Rodolfo
8/23/2019,Facebook Ads,210,30,8,Clarita
8/23/2019,Email Marketing,291,26,25,Jorge
8/23/2019,Email Marketing,1191,24,11,Jorge
8/23/2019,Email Marketing,115,13,13,Karina
8/23/2019,Email Marketing,521,17,11,Jorge
8/23/2019,Afiliados,385,31,10,Allan
8/23/2019,Google Ads,1022,20,11,Clarita
8/23/2019,Email Marketing,113,15,14,Roberto
8/23/2019,Blog,859,12,12,Allan
8/23/2019,Email Marketing,1228,19,7,Maria
8/23/2019,Blog,487,16,13,João
8/23/2019,Email Marketing,627,29,6,Roberto
8/23/2019,Email Marketing,800,30,27,Clarita
8/23/2019,Email Marketing,522,20,7,Rodolfo
8/23/2019,Afiliados,582,12,9,Clarita
8/23/2019,Outross,272,35,29,Oscar
8/23/2019,Blog,224,21,12,Jorge
8/23/2019,Email Marketing,86,16,10,Maria
8/23/2019,Outross,741,27,16,Thaize
8/23/2019,Email Marketing,1494,34,15,Rodolfo
8/23/2019,Blog,386,18,6,Allan
8/23/2019,Outross,1118,22,11,Karina
8/23/2019,Afiliados,809,14,11,Thaize
8/23/2019,Afiliados,1450,34,17,Jorge
8/23/2019,Blog,1435,15,9,Clarita
8/23/2019,Blog,850,24,20,Karina
8/23/2019,Afiliados,195,26,6,Roberto
8/24/2019,Email Marketing,809,18,16,Roberto
8/24/2019,Google Ads,1293,35,12,Allan
8/24/2019,Email Marketing,135,22,8,Oscar
8/24/2019,Blog,651,29,12,Maria
8/24/2019,Email Marketing,642,25,13,Felipe
8/24/2019,Blog,399,30,14,Roberto
8/24/2019,Outross,167,21,21,João
8/24/2019,Outross,464,32,18,Allan
8/25/2019,Email Marketing,545,20,7,Karina
8/25/2019,Google Ads,255,26,16,João
8/25/2019,Email Marketing,1331,18,18,Jorge
8/25/2019,Outross,1026,26,12,Oscar
8/25/2019,Afiliados,300,23,8,Maria
8/26/2019,Email Marketing,950,28,13,Felipe
8/26/2019,Email Marketing,1157,15,14,Rodolfo
8/26/2019,Afiliados,515,26,8,Allan
8/26/2019,Google Ads,1287,31,7,Karina
8/26/2019,Email Marketing,1156,30,20,Roberto
8/26/2019,Facebook,1280,27,7,Roberto
8/26/2019,Afiliados,738,20,16,Thaize
8/27/2019,Afiliados,326,19,6,Clarita
8/27/2019,Email Marketing,104,16,10,Jorge
8/27/2019,Google Ads,540,24,24,Thaize
8/27/2019,Email Marketing,1276,29,8,Roberto
8/27/2019,Blog,1481,17,10,Jorge
8/28/2019,Email Marketing,625,28,19,Jorge
8/28/2019,Email Marketing,431,28,15,Karina
8/28/2019,Afiliados,1471,25,21,Jorge
8/28/2019,Google Ads,90,35,33,Roberto
8/28/2019,Blog,82,32,24,Allan
8/28/2019,Afiliados,719,13,7,Jorge
8/29/2019,Blog,1066,27,8,Oscar
8/29/2019,Facebook Ads,1002,16,10,Rodolfo
8/29/2019,Email Marketing,581,31,16,Thaize
8/29/2019,Email Marketing,211,28,23,Thaize
8/29/2019,Email Marketing,1450,33,22,Rodolfo
8/29/2019,Email Marketing,96,13,13,João
8/29/2019,Outross,750,35,14,Oscar
8/29/2019,Email Marketing,1063,17,9,Roberto
8/29/2019,Email Marketing,826,35,34,Karina
8/29/2019,Email Marketing,1180,33,13,Clarita
8/29/2019,Google Ads,1196,17,12,Maria
8/29/2019,Email Marketing,296,31,6,Clarita
8/29/2019,Blog,1060,32,10,Clarita
8/29/2019,Blog,99,33,32,Clarita
8/29/2019,Email Marketing,782,23,21,Jorge
8/29/2019,Email Marketing,88,35,24,Rodolfo
8/29/2019,Outross,516,22,12,Felipe
8/29/2019,Email Marketing,929,22,17,Maria
8/29/2019,Email Marketing,349,18,6,Oscar
8/29/2019,Outross,573,19,15,Karina
8/29/2019,Blog,1369,13,9,Thaize
8/29/2019,Blog,231,29,11,João
8/30/2019,Blog,969,33,13,João
8/30/2019,Blog,219,23,21,Rodolfo
8/30/2019,Facebook Ads,1261,19,19,Thaize
8/30/2019,Email Marketing,760,23,10,Roberto
8/30/2019,Email Marketing,1393,24,19,Rodolfo
8/30/2019,Email Marketing,980,35,26,Roberto
8/30/2019,Afiliados,113,32,8,Maria
8/30/2019,Facebook Ads,657,12,10,Thaize
8/30/2019,Facebook Ads,394,19,16,Clarita
8/30/2019,Email Marketing,579,21,20,Allan
8/30/2019,Email Marketing,409,13,10,Felipe
8/30/2019,Email Marketing,635,29,15,Jorge
8/30/2019,Email Marketing,136,26,19,Felipe
8/30/2019,Email Marketing,1117,16,16,Thaize
8/30/2019,Google Ads,424,26,11,Oscar
8/30/2019,Google Ads,177,18,11,Felipe
8/30/2019,Google Ads,864,28,20,Oscar
8/30/2019,Email Marketing,1480,34,14,Thaize
8/30/2019,Email Marketing,902,17,14,Jorge
8/30/2019,Blog,1429,13,7,Rodolfo
8/30/2019,Email Marketing,946,13,6,Clarita
8/30/2019,Afiliados,114,24,20,Rodolfo
8/30/2019,Email Marketing,956,21,6,Karina
8/30/2019,Email Marketing,197,25,6,Jorge
8/30/2019,Outross,1051,18,6,João
8/30/2019,Email Marketing,173,33,15,Maria
8/30/2019,Email Marketing,971,21,9,João
8/30/2019,Outross,986,28,11,Clarita
8/30/2019,Email Marketing,88,26,10,João
8/30/2019,Outross,1041,16,12,Karina
8/30/2019,Afiliados,1487,23,6,Allan
8/30/2019,Afiliados,1318,33,31,Allan
8/30/2019,Afiliados,1179,24,22,Thaize
8/30/2019,Blog,1331,23,19,João
8/30/2019,Afiliados,119,14,10,Oscar
8/31/2019,Email Marketing,1092,14,13,João
8/31/2019,Afiliados,305,28,26,Roberto
8/31/2019,Facebook Ads,1316,27,24,Felipe
8/31/2019,Google Ads,1367,27,25,Thaize
8/31/2019,Blog,1426,23,11,Felipe
8/31/2019,Email Marketing,1103,20,6,Roberto
8/31/2019,Facebook,84,21,15,Thaize
8/31/2019,Google Ads,881,33,6,João
8/31/2019,Blog,927,29,25,Clarita
8/31/2019,Email Marketing,1405,14,10,Karina
8/31/2019,Email Marketing,1359,25,8,Felipe
8/31/2019,Outross,1226,27,14,Allan
8/31/2019,Outross,1255,27,26,Karina
8/31/2019,Blog,1204,18,6,Clarita
8/31/2019,Facebook Ads,66,15,14,Karina
9/1/2019,Facebook Ads,662,35,20,João
9/1/2019,Email Marketing,1160,23,17,Felipe
9/1/2019,Email Marketing,795,25,7,Roberto
9/1/2019,Google Ads,159,28,10,Felipe
9/1/2019,Facebook,1040,17,13,João
9/1/2019,Google Ads,549,35,23,Rodolfo
9/1/2019,Blog,273,14,14,João
9/1/2019,Afiliados,931,18,16,Oscar
9/1/2019,Blog,292,30,6,Rodolfo
9/2/2019,Email Marketing,978,15,15,Allan
9/2/2019,Google Ads,1289,25,10,Allan
9/2/2019,Email Marketing,666,19,15,Clarita
9/2/2019,Blog,283,25,23,Thaize
9/2/2019,Google Ads,67,16,13,Allan
9/2/2019,Afiliados,621,26,15,Jorge
9/2/2019,Blog,493,17,12,Roberto
9/2/2019,Blog,668,14,7,Felipe
9/3/2019,Google Ads,150,35,33,Thaize
9/3/2019,Blog,459,34,16,Oscar
9/4/2019,Email Marketing,989,30,15,João
9/4/2019,Email Marketing,582,25,14,Oscar
9/4/2019,Email Marketing,1202,22,8,Oscar
9/4/2019,Google Ads,221,30,24,Felipe
9/4/2019,Afiliados,298,26,14,Jorge
9/4/2019,Blog,214,17,12,Thaize
9/5/2019,Email Marketing,1321,15,8,Karina
9/5/2019,Email Marketing,895,23,9,Oscar
9/5/2019,Email Marketing,532,35,27,Maria
9/5/2019,Facebook,95,29,26,Felipe
9/5/2019,Google Ads,921,20,17,Clarita
9/5/2019,Blog,234,33,18,Rodolfo
9/5/2019,Afiliados,1173,19,19,Clarita
9/5/2019,Afiliados,71,32,20,Clarita
9/5/2019,Blog,949,23,19,Thaize
9/6/2019,Email Marketing,583,19,19,Thaize
9/6/2019,Email Marketing,238,25,11,Clarita
9/6/2019,Facebook,493,32,27,Rodolfo
9/6/2019,Facebook Ads,654,30,12,Clarita
9/6/2019,Facebook Ads,1178,19,10,Oscar
9/6/2019,Email Marketing,1085,18,12,Clarita
9/6/2019,Email Marketing,145,14,13,Rodolfo
9/6/2019,Email Marketing,1117,34,27,Thaize
9/6/2019,Email Marketing,1113,18,11,Roberto
9/6/2019,Google Ads,393,32,7,Maria
9/6/2019,Google Ads,55,13,13,Maria
9/6/2019,Google Ads,367,23,18,João
9/6/2019,Email Marketing,522,23,20,Karina
9/6/2019,Blog,72,28,19,Maria
9/6/2019,Facebook,310,14,9,Jorge
9/6/2019,Google Ads,220,30,18,Thaize
9/6/2019,Email Marketing,222,13,6,Rodolfo
9/6/2019,Blog,218,35,10,Clarita
9/6/2019,Afiliados,473,12,10,Maria
9/6/2019,Email Marketing,1183,20,7,Jorge
9/6/2019,Email Marketing,1420,18,9,Maria
9/6/2019,Outross,1429,23,13,Jorge
9/6/2019,Email Marketing,92,12,12,Thaize
9/6/2019,Afiliados,114,33,17,Oscar
9/6/2019,Email Marketing,354,12,7,Roberto
9/6/2019,Outross,935,27,19,Felipe
9/6/2019,Email Marketing,1301,25,17,Allan
9/6/2019,Email Marketing,1268,18,14,Jorge
9/6/2019,Blog,847,35,11,Rodolfo
9/6/2019,Outross,157,27,13,Oscar
9/6/2019,Afiliados,1144,17,8,Jorge
9/6/2019,Blog,298,14,14,Jorge
9/6/2019,Facebook Ads,286,23,14,Oscar
9/6/2019,Afiliados,430,28,9,Allan
9/7/2019,Email Marketing,852,35,6,Rodolfo
9/7/2019,Email Marketing,923,21,15,João
9/7/2019,Email Marketing,1483,34,33,Roberto
9/7/2019,Email Marketing,385,22,11,Roberto
9/7/2019,Blog,1355,22,19,Oscar
9/7/2019,Facebook,1396,17,8,Allan
9/7/2019,Facebook,536,35,23,Thaize
9/7/2019,Google Ads,1143,33,23,Felipe
9/7/2019,Email Marketing,1286,20,20,Jorge
9/7/2019,Blog,530,22,17,Rodolfo
9/8/2019,Blog,1045,24,21,Thaize
9/8/2019,Email Marketing,1056,34,25,Rodolfo
9/8/2019,Email Marketing,845,31,12,Jorge
9/8/2019,Facebook,900,14,7,Allan
9/8/2019,Google Ads,294,21,14,Oscar
9/8/2019,Blog,1239,15,6,Roberto
9/8/2019,Email Marketing,264,30,30,Rodolfo
9/8/2019,Outross,724,25,22,Oscar
9/8/2019,Afiliados,1140,26,19,Felipe
9/8/2019,Blog,301,28,25,Felipe
9/9/2019,Google Ads,751,23,10,Felipe
9/9/2019,Blog,534,34,17,Jorge
9/9/2019,Facebook,892,12,9,Oscar
9/9/2019,Blog,1410,15,11,Karina
9/10/2019,Google Ads,612,17,15,Karina
9/10/2019,Facebook,1172,35,9,Jorge
9/10/2019,Blog,1399,33,22,Jorge
9/10/2019,Afiliados,235,23,7,Jorge
9/10/2019,Afiliados,1090,16,10,Thaize
9/10/2019,Blog,826,21,8,Thaize
9/11/2019,Email Marketing,1269,25,22,Maria
9/11/2019,Facebook,315,34,14,João
9/11/2019,Google Ads,640,16,15,Rodolfo
9/11/2019,Email Marketing,1340,30,28,Maria
9/11/2019,Email Marketing,397,34,16,Allan
9/11/2019,Afiliados,703,17,14,Jorge
9/11/2019,Blog,670,13,6,Maria
9/12/2019,Email Marketing,953,28,20,Clarita
9/12/2019,Google Ads,1191,30,14,Karina
9/12/2019,Google Ads,1206,35,34,Thaize
9/12/2019,Blog,1179,23,16,Karina
9/12/2019,Email Marketing,732,32,17,Jorge
9/12/2019,Facebook,864,26,22,Maria
9/12/2019,Google Ads,451,17,14,Maria
9/12/2019,Email Marketing,601,13,6,Rodolfo
9/12/2019,Blog,1282,14,8,Oscar
9/12/2019,Afiliados,1336,34,26,Oscar
9/12/2019,Email Marketing,1368,33,32,Maria
9/12/2019,Email Marketing,148,24,10,Jorge
9/12/2019,Email Marketing,1357,22,12,Rodolfo
9/12/2019,Email Marketing,489,18,10,João
9/12/2019,Email Marketing,97,15,8,Maria
9/12/2019,Outross,661,31,16,Thaize
9/12/2019,Afiliados,413,34,33,Jorge
9/12/2019,Blog,1432,29,26,Clarita
9/12/2019,Afiliados,805,26,12,Jorge
9/13/2019,Blog,1025,15,12,Jorge
9/13/2019,Blog,233,35,33,Rodolfo
9/13/2019,Email Marketing,561,14,13,Roberto
9/13/2019,Email Marketing,938,31,12,Allan
9/13/2019,Email Marketing,1130,35,25,Jorge
9/13/2019,Email Marketing,188,15,14,Maria
9/13/2019,Email Marketing,1444,34,20,Allan
9/13/2019,Email Marketing,1500,35,28,Jorge
9/13/2019,Email Marketing,70,30,27,Karina
9/13/2019,Outross,799,33,23,Oscar
9/13/2019,Email Marketing,298,16,8,Maria
9/13/2019,Email Marketing,742,23,19,Rodolfo
9/13/2019,Email Marketing,1083,24,16,Allan
9/13/2019,Email Marketing,600,18,18,Felipe
9/13/2019,Email Marketing,241,30,14,João
9/13/2019,Google Ads,404,32,6,Jorge
9/13/2019,Google Ads,88,19,14,Jorge
9/13/2019,Google Ads,410,19,17,Clarita
9/13/2019,Google Ads,905,30,10,Jorge
9/13/2019,Email Marketing,1492,22,16,Rodolfo
9/13/2019,Blog,1469,28,24,Jorge
9/13/2019,Email Marketing,918,24,8,Jorge
9/13/2019,Facebook,1441,21,12,Thaize
9/13/2019,Google Ads,950,35,32,Thaize
9/13/2019,Email Marketing,873,23,13,Jorge
9/13/2019,Blog,143,34,25,Thaize
9/13/2019,Afiliados,1080,30,30,Jorge
9/13/2019,Email Marketing,715,31,27,Allan
9/13/2019,Email Marketing,1270,35,7,João
9/13/2019,Email Marketing,848,20,10,Roberto
9/13/2019,Outross,957,29,9,Roberto
9/13/2019,Email Marketing,409,13,13,Oscar
9/13/2019,Email Marketing,759,19,15,Felipe
9/13/2019,Outross,814,12,11,Oscar
9/13/2019,Email Marketing,566,17,10,Maria
9/13/2019,Email Marketing,884,35,11,Oscar
9/13/2019,Email Marketing,1164,23,22,Jorge
9/13/2019,Outross,426,35,20,João
9/13/2019,Afiliados,643,29,18,Jorge
9/13/2019,Blog,218,31,17,Karina
9/13/2019,Afiliados,947,13,11,Felipe
9/13/2019,Afiliados,889,29,28,Oscar
9/14/2019,Email Marketing,1294,28,28,João
9/14/2019,Email Marketing,937,29,8,Karina
9/14/2019,Google Ads,1285,31,9,Jorge
9/14/2019,Email Marketing,807,18,11,Thaize
9/14/2019,Blog,610,34,30,Allan
9/14/2019,Facebook,238,23,19,Roberto
9/14/2019,Google Ads,749,20,19,Thaize
9/14/2019,Email Marketing,1045,31,17,Karina
9/14/2019,Blog,1141,21,9,Clarita
9/14/2019,Email Marketing,1480,12,8,Clarita
9/14/2019,Outross,376,27,24,Thaize
9/14/2019,Blog,610,33,32,Clarita
9/14/2019,Afiliados,445,21,20,Felipe
9/15/2019,Email Marketing,1375,22,9,Jorge
9/15/2019,Google Ads,356,12,11,João
9/15/2019,Blog,896,19,17,Rodolfo
9/15/2019,Facebook,129,35,29,Maria
9/15/2019,Google Ads,1227,35,15,Felipe
9/15/2019,Email Marketing,990,19,6,Oscar
9/15/2019,Blog,736,33,29,Rodolfo
9/15/2019,Afiliados,1267,23,22,João
9/15/2019,Blog,234,17,15,Oscar
9/16/2019,Blog,1473,15,6,Roberto
9/16/2019,Blog,628,17,6,Rodolfo
9/16/2019,Afiliados,1428,34,31,Rodolfo
9/17/2019,Email Marketing,1461,22,10,Roberto
9/17/2019,Facebook,853,25,7,Felipe
9/17/2019,Afiliados,975,15,8,Oscar
9/17/2019,Facebook,302,26,16,Jorge
9/17/2019,Blog,77,24,20,Rodolfo
9/18/2019,Email Marketing,680,15,7,Rodolfo
9/18/2019,Facebook,367,13,9,Oscar
9/18/2019,Google Ads,874,12,11,Felipe
9/18/2019,Email Marketing,671,27,7,Felipe
9/18/2019,Blog,85,24,19,Allan
9/19/2019,Google Ads,908,32,30,Roberto
9/19/2019,Facebook,1070,22,18,Jorge
9/19/2019,Google Ads,579,18,16,Felipe
9/19/2019,Email Marketing,663,24,22,Karina
9/19/2019,Blog,1252,19,6,Felipe
9/20/2019,Blog,1392,26,26,Clarita
9/20/2019,Facebook Ads,1223,26,10,Karina
9/20/2019,Email Marketing,1064,16,8,Jorge
9/20/2019,Email Marketing,659,12,8,Roberto
9/20/2019,Outross,1269,12,6,Felipe
9/20/2019,Email Marketing,134,31,21,João
9/20/2019,Email Marketing,99,34,7,Felipe
9/20/2019,Email Marketing,1078,22,22,Karina
9/20/2019,Email Marketing,508,13,11,Roberto
9/20/2019,Google Ads,117,13,11,Allan
9/20/2019,Google Ads,436,23,7,Rodolfo
9/20/2019,Email Marketing,1122,12,7,Thaize
9/20/2019,Blog,810,24,7,João
9/20/2019,Email Marketing,400,19,17,Karina
9/20/2019,Facebook,693,29,24,Rodolfo
9/20/2019,Google Ads,1215,15,9,João
9/20/2019,Blog,340,32,7,Oscar
9/20/2019,Email Marketing,1138,21,18,Felipe
9/20/2019,Email Marketing,207,19,13,Jorge
9/20/2019,Email Marketing,621,18,12,João
9/20/2019,Email Marketing,226,22,18,Jorge
9/20/2019,Email Marketing,757,34,13,Rodolfo
9/20/2019,Outross,985,31,30,Roberto
9/20/2019,Afiliados,389,22,13,Clarita
9/20/2019,Afiliados,651,18,11,Oscar
9/20/2019,Blog,1432,13,13,Allan
9/20/2019,Facebook Ads,513,34,30,Jorge
9/20/2019,Afiliados,1390,24,22,Felipe
9/21/2019,Email Marketing,744,31,14,Jorge
9/21/2019,Google Ads,73,24,11,Rodolfo
9/21/2019,Google Ads,1019,34,15,Jorge
9/21/2019,Email Marketing,502,21,14,Thaize
9/21/2019,Blog,691,29,26,Felipe
9/21/2019,Email Marketing,1444,34,12,Jorge
9/21/2019,Facebook,436,24,17,João
9/21/2019,Google Ads,981,16,10,Allan
9/21/2019,Email Marketing,578,33,14,Karina
9/21/2019,Outross,420,13,13,Felipe
9/21/2019,Blog,1468,28,27,Thaize
9/22/2019,Email Marketing,778,20,12,Karina
9/22/2019,Email Marketing,336,21,10,Oscar
9/22/2019,Blog,1384,29,8,Maria
9/22/2019,Facebook,325,26,13,Roberto
9/22/2019,Google Ads,400,19,8,Thaize
9/22/2019,Blog,1081,25,12,João
9/23/2019,Google Ads,383,25,10,Oscar
9/23/2019,Google Ads,1445,15,9,Clarita
9/23/2019,Email Marketing,238,29,21,Rodolfo
9/23/2019,Facebook Ads,1042,34,8,Clarita
9/23/2019,Google Ads,350,34,19,João
9/23/2019,Google Ads,400,16,10,Jorge
9/23/2019,Blog,495,22,10,Roberto
9/23/2019,Blog,136,18,7,Felipe
9/23/2019,Email Marketing,1284,16,14,Oscar
9/23/2019,Outross,759,29,19,Karina
9/23/2019,Email Marketing,1015,24,14,Roberto
9/23/2019,Blog,727,20,19,Oscar
9/24/2019,Google Ads,1437,28,25,Allan
9/24/2019,Email Marketing,993,20,20,Jorge
9/24/2019,Afiliados,1226,27,6,Jorge
9/24/2019,Blog,180,31,9,João
9/25/2019,Afiliados,1194,18,14,Felipe
9/25/2019,Email Marketing,1126,19,12,Karina
9/25/2019,Google Ads,1245,33,11,Allan
9/25/2019,Facebook,1481,22,13,Felipe
9/25/2019,Google Ads,1251,22,6,Rodolfo
9/25/2019,Email Marketing,917,31,7,Clarita
9/25/2019,Email Marketing,744,34,10,Allan
9/25/2019,Blog,186,29,16,Jorge
9/26/2019,Blog,1137,12,10,Karina
9/26/2019,Email Marketing,372,31,16,Rodolfo
9/26/2019,Google Ads,379,35,9,Thaize
9/26/2019,Facebook,1178,23,8,Roberto
9/26/2019,Google Ads,970,13,13,João
9/26/2019,Email Marketing,936,13,10,Karina
9/26/2019,Email Marketing,164,35,13,Allan
9/26/2019,Facebook,939,30,19,Jorge
9/26/2019,Outross,1430,21,9,Karina
9/26/2019,Blog,281,19,8,Maria
9/26/2019,Afiliados,829,24,6,Clarita
9/27/2019,Email Marketing,133,28,6,João
9/27/2019,Email Marketing,1029,18,11,Roberto
9/27/2019,Email Marketing,1020,13,8,Thaize
9/27/2019,Outross,733,12,8,Roberto
9/27/2019,Email Marketing,1374,21,19,Allan
9/27/2019,Email Marketing,1126,13,12,Karina
9/27/2019,Email Marketing,241,32,20,Thaize
9/27/2019,Email Marketing,1162,31,21,João
9/27/2019,Google Ads,689,28,25,Roberto
9/27/2019,Google Ads,209,24,17,Thaize
9/27/2019,Email Marketing,1119,32,14,Clarita
9/27/2019,Blog,1217,16,11,Oscar
9/27/2019,Email Marketing,956,29,17,Jorge
9/27/2019,Facebook,1162,32,19,Karina
9/27/2019,Facebook,248,27,7,Clarita
9/27/2019,Google Ads,1492,24,11,Jorge
9/27/2019,Blog,924,33,15,Maria
9/27/2019,Email Marketing,1372,31,14,Roberto
9/27/2019,Email Marketing,139,33,24,Jorge
9/27/2019,Email Marketing,590,24,10,Allan
9/27/2019,Email Marketing,792,24,16,Clarita
9/27/2019,Email Marketing,535,12,8,Thaize
9/27/2019,Blog,97,24,24,João
9/27/2019,Email Marketing,850,12,11,Maria
9/27/2019,Email Marketing,326,31,14,Maria
9/27/2019,Outross,845,30,7,Clarita
9/27/2019,Email Marketing,1157,28,11,Clarita
9/27/2019,Outross,903,20,17,Felipe
9/27/2019,Afiliados,1060,17,9,Clarita
9/27/2019,Blog,1354,13,13,Jorge
9/27/2019,Afiliados,279,26,9,Jorge
9/28/2019,Blog,400,24,15,Maria
9/28/2019,Email Marketing,350,30,19,João
9/28/2019,Email Marketing,99,32,22,Jorge
9/28/2019,Outross,817,33,8,Felipe
9/28/2019,Email Marketing,1427,13,13,Jorge
9/28/2019,Email Marketing,79,16,10,Oscar
9/28/2019,Email Marketing,128,26,26,Thaize
9/28/2019,Email Marketing,973,34,24,Maria
9/28/2019,Email Marketing,1337,15,13,Jorge
9/28/2019,Afiliados,402,21,21,Felipe
9/28/2019,Google Ads,1161,29,10,Oscar
9/28/2019,Google Ads,958,20,8,Maria
9/28/2019,Email Marketing,991,35,23,Felipe
9/28/2019,Blog,335,27,13,Maria
9/28/2019,Email Marketing,1053,27,20,Jorge
9/28/2019,Facebook,1428,21,11,Clarita
9/28/2019,Google Ads,1488,35,27,Roberto
9/28/2019,Blog,375,12,6,Karina
9/28/2019,Email Marketing,366,29,20,João
9/28/2019,Email Marketing,1365,25,20,Allan
9/28/2019,Email Marketing,339,15,9,Clarita
9/28/2019,Email Marketing,953,30,20,Jorge
9/28/2019,Blog,1101,31,27,Jorge
9/28/2019,Outross,708,23,18,Oscar
9/28/2019,Email Marketing,637,27,22,João
9/28/2019,Afiliados,231,13,6,João
9/28/2019,Blog,1263,24,6,Clarita
9/29/2019,Facebook Ads,202,12,8,Karina
9/29/2019,Google Ads,1209,26,19,Jorge
9/29/2019,Blog,911,20,12,Jorge
9/29/2019,Google Ads,129,15,13,João
9/29/2019,Blog,1002,35,24,Roberto
9/29/2019,Email Marketing,862,32,28,Karina
9/29/2019,Blog,1017,35,16,João
9/30/2019,Email Marketing,1102,18,18,Karina
9/30/2019,Email Marketing,285,31,8,Jorge
9/30/2019,Google Ads,1426,21,20,João
9/30/2019,Email Marketing,1191,30,8,Felipe
9/30/2019,Outross,644,19,17,Oscar
9/30/2019,Email Marketing,1080,21,14,Jorge
9/30/2019,Blog,481,24,15,Jorge
9/30/2019,Email Marketing,639,31,6,Thaize
10/1/2019,Google Ads,673,21,6,Oscar
10/1/2019,Email Marketing,1231,12,11,Maria
10/1/2019,Email Marketing,853,30,6,Thaize
10/1/2019,Email Marketing,719,29,18,Roberto
10/1/2019,Afiliados,1081,25,18,Felipe
10/1/2019,Afiliados,744,30,27,Roberto
10/2/2019,Afiliados,1280,32,8,Allan
10/2/2019,Google Ads,1284,26,23,Thaize
10/2/2019,Email Marketing,379,28,24,Thaize
10/2/2019,Email Marketing,178,21,8,Jorge
10/2/2019,Email Marketing,923,30,23,Allan
10/2/2019,Afiliados,1152,12,9,Rodolfo
10/3/2019,Facebook Ads,564,28,24,Clarita
10/3/2019,Google Ads,499,20,13,Clarita
10/3/2019,Email Marketing,874,30,26,Jorge
10/3/2019,Blog,193,22,15,Jorge
10/3/2019,Facebook,455,31,18,Rodolfo
10/3/2019,Google Ads,770,12,9,Jorge
10/3/2019,Email Marketing,1436,27,11,Clarita
10/3/2019,Email Marketing,738,21,15,Rodolfo
10/3/2019,Email Marketing,1480,30,23,Oscar
10/3/2019,Blog,512,14,7,Roberto
10/3/2019,Afiliados,342,20,19,Karina
10/4/2019,Blog,102,29,28,Jorge
10/4/2019,Blog,1309,24,6,Maria
10/4/2019,Blog,279,30,20,Maria
10/4/2019,Email Marketing,1153,31,28,Jorge
10/4/2019,Blog,305,21,11,Oscar
10/4/2019,Email Marketing,855,23,16,João
10/4/2019,Outross,1005,32,19,Karina
10/4/2019,Blog,455,33,15,Oscar
10/4/2019,Email Marketing,1252,19,17,Roberto
10/4/2019,Email Marketing,739,12,7,Allan
10/4/2019,Email Marketing,1263,21,9,Allan
10/4/2019,Google Ads,521,21,13,Allan
10/4/2019,Google Ads,585,18,9,Roberto
10/4/2019,Google Ads,1396,20,20,Felipe
10/4/2019,Blog,165,27,11,Rodolfo
10/4/2019,Email Marketing,839,28,6,João
10/4/2019,Blog,55,29,24,Oscar
10/4/2019,Email Marketing,644,17,11,Thaize
10/4/2019,Facebook,251,29,13,Rodolfo
10/4/2019,Google Ads,770,35,8,Maria
10/4/2019,Email Marketing,217,14,12,Felipe
10/4/2019,Blog,499,34,6,Oscar
10/4/2019,Email Marketing,1464,22,19,Jorge
10/4/2019,Email Marketing,569,28,8,João
10/4/2019,Email Marketing,421,35,7,Jorge
10/4/2019,Email Marketing,707,34,23,Karina
10/4/2019,Email Marketing,1003,19,8,Felipe
10/4/2019,Email Marketing,526,31,15,Oscar
10/4/2019,Email Marketing,942,13,9,Karina
10/4/2019,Blog,124,16,12,Thaize
10/4/2019,Email Marketing,624,30,25,Karina
10/4/2019,Outross,972,26,25,Maria
10/4/2019,Email Marketing,274,28,9,Rodolfo
10/4/2019,Facebook,200,23,21,Jorge
10/4/2019,Email Marketing,618,25,13,Jorge
10/4/2019,Outross,1018,15,10,Maria
10/4/2019,Afiliados,1021,31,13,Maria
10/4/2019,Blog,538,32,9,Clarita
10/4/2019,Blog,364,19,7,Allan
10/5/2019,Blog,356,19,19,Allan
10/5/2019,Blog,263,34,21,Rodolfo
10/5/2019,Blog,611,24,13,Thaize
10/5/2019,Email Marketing,648,18,8,Karina
10/5/2019,Email Marketing,1134,24,18,João
10/5/2019,Blog,61,26,24,Felipe
10/5/2019,Email Marketing,1407,25,25,Thaize
10/5/2019,Blog,394,30,9,Clarita
10/5/2019,Email Marketing,1166,23,12,Rodolfo
10/5/2019,Google Ads,799,14,11,Clarita
10/5/2019,Google Ads,340,33,24,Roberto
10/5/2019,Google Ads,538,30,21,Maria
10/5/2019,Email Marketing,243,24,12,Jorge
10/5/2019,Email Marketing,898,14,9,Rodolfo
10/5/2019,Blog,384,32,18,João
10/5/2019,Email Marketing,450,21,21,Maria
10/5/2019,Facebook,1383,32,32,Clarita
10/5/2019,Google Ads,184,13,12,Maria
10/5/2019,Email Marketing,1096,23,6,Thaize
10/5/2019,Blog,165,17,9,Karina
10/5/2019,Blog,350,14,8,Jorge
10/5/2019,Email Marketing,567,30,8,Allan
10/5/2019,Email Marketing,1148,19,14,Roberto
10/5/2019,Email Marketing,1178,22,14,Roberto
10/5/2019,Email Marketing,729,29,29,João
10/5/2019,Email Marketing,1155,21,13,Roberto
10/5/2019,Email Marketing,456,21,18,Clarita
10/5/2019,Email Marketing,1355,25,18,Allan
10/5/2019,Email Marketing,258,14,10,Maria
10/5/2019,Outross,569,14,13,Felipe
10/5/2019,Facebook,755,35,35,João
10/5/2019,Outross,140,24,11,Rodolfo
10/5/2019,Afiliados,495,28,18,Allan
10/5/2019,Blog,1216,29,14,João
10/5/2019,Blog,914,35,18,João
10/6/2019,Google Ads,1284,28,22,Karina
10/6/2019,Email Marketing,242,35,12,Clarita
10/6/2019,Blog,421,14,12,Rodolfo
10/6/2019,Email Marketing,72,28,19,Rodolfo
10/6/2019,Blog,383,19,13,Karina
10/7/2019,Google Ads,823,33,15,Maria
10/7/2019,Email Marketing,1118,22,16,Roberto
10/7/2019,Blog,80,28,16,Karina
10/7/2019,Blog,1401,25,8,Clarita
10/7/2019,Email Marketing,70,25,8,Allan
10/7/2019,Afiliados,519,35,6,Jorge
10/7/2019,Blog,558,31,14,Oscar
10/8/2019,Google Ads,1123,21,18,Allan
10/8/2019,Email Marketing,629,30,14,Thaize
10/8/2019,Afiliados,224,29,24,Jorge
10/8/2019,Blog,1212,26,23,Roberto
10/9/2019,Google Ads,674,22,19,Karina
10/9/2019,Email Marketing,556,28,13,João
10/9/2019,Google Ads,1001,27,22,Rodolfo
10/9/2019,Email Marketing,513,12,6,Felipe
10/9/2019,Afiliados,829,26,16,Jorge
10/9/2019,Email Marketing,764,14,14,Oscar
10/10/2019,Google Ads,569,25,25,João
10/10/2019,Email Marketing,780,16,6,Karina
10/10/2019,Blog,132,34,27,Clarita
10/10/2019,Google Ads,1424,25,18,Thaize
10/10/2019,Blog,1500,25,6,João
10/10/2019,Email Marketing,571,12,9,Clarita
10/10/2019,Afiliados,1310,17,17,Oscar
10/11/2019,Blog,1032,26,23,Rodolfo
10/11/2019,Blog,1264,25,17,Oscar
10/11/2019,Email Marketing,418,22,19,João
10/11/2019,Email Marketing,732,34,34,Jorge
10/11/2019,Email Marketing,384,17,13,Felipe
10/11/2019,Email Marketing,587,32,22,Oscar
10/11/2019,Email Marketing,573,34,23,Clarita
10/11/2019,Email Marketing,1205,13,7,Karina
10/11/2019,Email Marketing,908,21,19,Allan
10/11/2019,Google Ads,693,20,6,João
10/11/2019,Google Ads,1233,26,16,Clarita
10/11/2019,Google Ads,233,22,14,Clarita
10/11/2019,Google Ads,484,14,12,Thaize
10/11/2019,Email Marketing,775,26,19,Oscar
10/11/2019,Email Marketing,607,22,10,Jorge
10/11/2019,Blog,141,31,28,João
10/11/2019,Blog,495,20,13,Felipe
10/11/2019,Facebook,1173,17,12,Jorge
10/11/2019,Google Ads,127,23,20,Allan
10/11/2019,Email Marketing,1094,35,30,Thaize
10/11/2019,Email Marketing,1487,12,9,Oscar
10/11/2019,Blog,591,35,30,João
10/11/2019,Email Marketing,939,22,15,Thaize
10/11/2019,Blog,160,25,17,Roberto
10/11/2019,Email Marketing,402,24,13,Felipe
10/11/2019,Email Marketing,1435,17,14,Roberto
10/11/2019,Outross,1377,31,20,Allan
10/11/2019,Email Marketing,940,32,16,Jorge
10/11/2019,Email Marketing,1049,25,17,Allan
10/11/2019,Outross,1385,29,26,Maria
10/11/2019,Email Marketing,283,15,9,Jorge
10/11/2019,Outross,564,33,15,Felipe
10/11/2019,Afiliados,1320,35,12,Rodolfo
10/11/2019,Blog,238,26,7,Felipe
10/11/2019,Blog,1107,24,6,Oscar
10/12/2019,Blog,443,33,31,Rodolfo
10/12/2019,Blog,293,20,6,Roberto
10/12/2019,Blog,947,15,10,Clarita
10/12/2019,Blog,1462,26,19,Felipe
10/12/2019,Email Marketing,737,23,22,Thaize
10/12/2019,Outross,703,25,14,Jorge
10/12/2019,Email Marketing,744,31,28,Roberto
10/12/2019,Email Marketing,1242,35,8,Rodolfo
10/12/2019,Email Marketing,584,16,14,Oscar
10/12/2019,Email Marketing,1373,25,17,João
10/12/2019,Email Marketing,1112,35,23,Thaize
10/12/2019,Google Ads,1059,16,6,João
10/12/2019,Google Ads,425,14,11,Clarita
10/12/2019,Email Marketing,997,19,11,Jorge
10/12/2019,Email Marketing,584,32,11,Oscar
10/12/2019,Blog,528,20,6,João
10/12/2019,Facebook,408,32,25,Felipe
10/12/2019,Facebook,1194,32,12,Thaize
10/12/2019,Google Ads,1291,27,9,Jorge
10/12/2019,Email Marketing,1266,34,8,João
10/12/2019,Email Marketing,668,16,13,Thaize
10/12/2019,Blog,1325,32,13,Oscar
10/12/2019,Email Marketing,1142,24,20,Thaize
10/12/2019,Email Marketing,152,32,24,Jorge
10/12/2019,Email Marketing,762,16,8,Allan
10/12/2019,Afiliados,1184,29,14,Karina
10/12/2019,Outross,222,27,27,Clarita
10/12/2019,Email Marketing,1017,13,9,Felipe
10/12/2019,Email Marketing,926,23,9,Oscar
10/12/2019,Outross,1033,15,6,Karina
10/12/2019,Afiliados,1199,31,27,Clarita
10/12/2019,Blog,1205,35,9,Felipe
10/12/2019,Blog,967,22,9,Karina
10/12/2019,Afiliados,108,22,21,Jorge
10/13/2019,Email Marketing,1072,16,14,Maria
10/13/2019,Google Ads,1253,15,13,Felipe
10/13/2019,Email Marketing,120,27,13,Clarita
10/13/2019,Facebook,1266,27,9,Maria
10/13/2019,Blog,1064,26,7,Allan
10/13/2019,Email Marketing,1110,32,32,Maria
10/13/2019,Email Marketing,402,30,28,Maria
10/13/2019,Blog,827,35,18,João
10/14/2019,Google Ads,1362,26,19,Rodolfo
10/14/2019,Email Marketing,1057,26,17,Jorge
10/14/2019,Blog,1021,15,6,Allan
10/14/2019,Email Marketing,1164,20,10,Clarita
10/14/2019,Blog,302,35,35,Karina
10/15/2019,Google Ads,763,18,7,Felipe
10/15/2019,Email Marketing,554,29,9,Rodolfo
10/15/2019,Blog,352,12,10,João
10/15/2019,Email Marketing,1020,19,10,Jorge
10/15/2019,Email Marketing,522,30,30,Thaize
10/15/2019,Email Marketing,777,13,10,Karina
10/16/2019,Google Ads,255,32,26,Allan
10/16/2019,Google Ads,753,12,8,Roberto
10/16/2019,Blog,1183,13,7,João
10/16/2019,Email Marketing,344,13,8,Allan
10/16/2019,Email Marketing,1324,25,12,Roberto
10/16/2019,Email Marketing,581,26,15,Roberto
10/16/2019,Blog,256,28,20,Maria
10/17/2019,Email Marketing,578,21,10,Oscar
10/17/2019,Google Ads,159,28,24,Felipe
10/17/2019,Email Marketing,1269,15,9,Karina
10/17/2019,Blog,1398,25,25,Roberto
10/17/2019,Google Ads,954,12,6,João
10/17/2019,Email Marketing,918,22,18,Jorge
10/17/2019,Email Marketing,1119,22,6,Clarita
10/17/2019,Email Marketing,530,23,21,Jorge
10/17/2019,Afiliados,1336,25,18,Roberto
10/17/2019,Afiliados,368,34,26,Thaize
10/17/2019,Blog,394,15,10,Maria
10/18/2019,Blog,223,18,17,Rodolfo
10/18/2019,Email Marketing,61,25,25,Maria
10/18/2019,Facebook Ads,921,30,10,Jorge
10/18/2019,Blog,140,23,11,Oscar
10/18/2019,Email Marketing,723,13,9,Allan
10/18/2019,Email Marketing,565,17,11,Rodolfo
10/18/2019,Google Ads,361,26,10,Roberto
10/18/2019,Google Ads,1266,16,13,Maria
10/18/2019,Email Marketing,1098,20,7,Jorge
10/18/2019,Blog,250,19,15,Roberto
10/18/2019,Email Marketing,818,14,12,Jorge
10/18/2019,Google Ads,468,21,15,Oscar
10/18/2019,Blog,1258,18,13,Rodolfo
10/18/2019,Email Marketing,867,19,7,João
10/18/2019,Blog,212,20,19,Karina
10/18/2019,Email Marketing,368,26,21,Jorge
10/18/2019,Email Marketing,322,18,7,Maria
10/18/2019,Email Marketing,1240,22,10,Clarita
10/18/2019,Email Marketing,789,15,15,Jorge
10/18/2019,Afiliados,371,16,15,Jorge
10/18/2019,Blog,1172,33,25,Thaize
10/18/2019,Email Marketing,550,18,8,Allan
10/18/2019,Afiliados,205,17,10,Oscar
10/18/2019,Email Marketing,941,26,14,Maria
10/18/2019,Outross,439,12,9,Clarita
10/18/2019,Outross,574,12,10,Karina
10/18/2019,Afiliados,346,17,9,Jorge
10/18/2019,Blog,391,15,9,Roberto
10/18/2019,Blog,1040,20,8,Karina
10/18/2019,Afiliados,1494,34,20,Clarita
10/19/2019,Blog,1193,28,16,Roberto
10/19/2019,Email Marketing,1270,13,6,Felipe
10/19/2019,Email Marketing,356,19,11,Karina
10/19/2019,Email Marketing,793,26,9,Maria
10/19/2019,Afiliados,473,21,21,Karina
10/19/2019,Email Marketing,816,24,14,Jorge
10/19/2019,Email Marketing,493,25,13,Roberto
10/19/2019,Email Marketing,488,24,15,Allan
10/19/2019,Google Ads,812,32,14,Oscar
10/19/2019,Google Ads,314,19,6,Karina
10/19/2019,Email Marketing,259,25,13,Clarita
10/19/2019,Blog,1105,14,8,Thaize
10/19/2019,Email Marketing,1106,21,7,Thaize
10/19/2019,Google Ads,1042,26,14,Roberto
10/19/2019,Blog,891,31,18,Felipe
10/19/2019,Email Marketing,601,20,19,Rodolfo
10/19/2019,Email Marketing,81,28,27,Jorge
10/19/2019,Email Marketing,1245,25,25,Roberto
10/19/2019,Afiliados,534,27,19,Thaize
10/19/2019,Email Marketing,1165,28,20,Jorge
10/19/2019,Blog,406,21,10,Thaize
10/19/2019,Email Marketing,617,25,12,João
10/19/2019,Outross,1460,15,14,Clarita
10/19/2019,Blog,706,22,17,Roberto
10/19/2019,Afiliados,1104,25,23,Jorge
10/19/2019,Outross,966,18,12,Felipe
10/19/2019,Blog,1175,32,24,Maria
10/19/2019,Outross,924,30,8,Thaize
10/19/2019,Afiliados,1361,29,18,Karina
10/19/2019,Blog,241,31,19,Allan
10/19/2019,Blog,1354,34,29,Thaize
10/19/2019,Afiliados,868,26,8,Jorge
10/20/2019,Google Ads,609,22,14,Oscar
10/20/2019,Blog,1297,24,10,Roberto
10/20/2019,Email Marketing,296,35,26,Maria
10/20/2019,Email Marketing,953,18,13,Maria
10/20/2019,Afiliados,1391,16,10,Oscar
10/20/2019,Afiliados,1141,25,14,Jorge
10/20/2019,Afiliados,354,16,13,Roberto
10/20/2019,Blog,1180,16,12,Felipe
10/20/2019,Blog,1331,30,23,Karina
10/21/2019,Google Ads,801,31,14,Rodolfo
10/21/2019,Blog,1085,12,10,Oscar
10/21/2019,Email Marketing,209,27,26,Karina
10/21/2019,Email Marketing,966,32,21,Clarita
10/21/2019,Blog,616,25,20,Rodolfo
10/22/2019,Blog,800,21,20,Jorge
10/22/2019,Google Ads,659,29,16,Oscar
10/22/2019,Email Marketing,941,13,12,Roberto
10/22/2019,Email Marketing,1390,33,11,Allan
10/22/2019,Blog,944,22,6,Roberto
10/23/2019,Google Ads,938,34,11,Rodolfo
10/23/2019,Google Ads,505,18,17,Felipe
10/23/2019,Blog,1269,16,13,Jorge
10/23/2019,Afiliados,887,22,21,Karina
10/23/2019,Email Marketing,600,20,11,Rodolfo
10/24/2019,Blog,213,12,10,Jorge
10/24/2019,Email Marketing,1350,31,26,Jorge
10/24/2019,Email Marketing,556,14,10,Oscar
10/24/2019,Email Marketing,1263,24,23,Allan
10/24/2019,Email Marketing,879,22,17,Oscar
10/24/2019,Facebook Ads,1439,35,24,Clarita
10/24/2019,Email Marketing,700,21,13,Rodolfo
10/24/2019,Email Marketing,1344,29,18,Thaize
10/24/2019,Email Marketing,143,18,12,João
10/24/2019,Google Ads,642,20,12,Maria
10/24/2019,Google Ads,186,35,8,Rodolfo
10/24/2019,Google Ads,407,30,8,Maria
10/24/2019,Email Marketing,1274,13,12,Oscar
10/24/2019,Blog,195,17,16,Thaize
10/24/2019,Email Marketing,1120,33,11,Maria
10/24/2019,Google Ads,802,34,7,Karina
10/24/2019,Blog,393,29,29,Thaize
10/24/2019,Blog,971,21,14,Jorge
10/24/2019,Email Marketing,479,24,16,Thaize
10/24/2019,Email Marketing,342,18,7,Maria
10/24/2019,Email Marketing,866,34,8,Karina
10/24/2019,Email Marketing,1396,13,8,Oscar
10/24/2019,Email Marketing,895,13,12,Maria
10/24/2019,Afiliados,296,34,28,Thaize
10/24/2019,Email Marketing,1391,17,7,Maria
10/24/2019,Email Marketing,715,16,13,Felipe
10/24/2019,Afiliados,856,30,22,Allan
10/24/2019,Email Marketing,1372,28,13,Clarita
10/24/2019,Outross,1477,32,30,João
10/24/2019,Email Marketing,1315,13,12,Thaize
10/24/2019,Outross,1492,29,9,Karina
10/24/2019,Afiliados,781,26,18,Thaize
10/24/2019,Afiliados,610,17,16,Jorge
10/24/2019,Blog,457,27,18,Oscar
10/24/2019,Blog,1291,28,22,Allan
10/24/2019,Blog,857,19,14,Felipe
10/24/2019,Afiliados,469,19,11,Roberto
10/24/2019,Afiliados,1369,18,11,Maria
10/25/2019,Blog,86,12,7,Roberto
10/25/2019,Email Marketing,149,31,25,Maria
10/25/2019,Email Marketing,327,23,14,Allan
10/25/2019,Email Marketing,1246,18,10,Jorge
10/25/2019,Email Marketing,1279,12,8,Rodolfo
10/25/2019,Email Marketing,797,17,10,Clarita
10/25/2019,Afiliados,117,26,12,Rodolfo
10/25/2019,Afiliados,208,33,19,Rodolfo
10/25/2019,Afiliados,153,16,12,João
10/25/2019,Email Marketing,323,21,16,Felipe
10/25/2019,Outross,712,20,15,Felipe
10/25/2019,Email Marketing,1205,12,6,Oscar
10/25/2019,Email Marketing,716,33,10,Jorge
10/25/2019,Email Marketing,886,29,12,Thaize
10/25/2019,Email Marketing,1360,30,28,Roberto
10/25/2019,Google Ads,525,20,17,Maria
10/25/2019,Google Ads,1241,35,31,Jorge
10/25/2019,Email Marketing,1402,34,34,Oscar
10/25/2019,Blog,170,33,15,Clarita
10/25/2019,Google Ads,797,27,8,Roberto
10/25/2019,Blog,263,21,8,João
10/25/2019,Email Marketing,111,12,9,Roberto
10/25/2019,Email Marketing,160,22,15,Maria
10/25/2019,Email Marketing,1469,20,16,Allan
10/25/2019,Email Marketing,1020,17,9,Karina
10/25/2019,Email Marketing,1287,22,14,Karina
10/25/2019,Email Marketing,947,30,10,Felipe
10/25/2019,Email Marketing,926,23,18,Clarita
10/25/2019,Email Marketing,164,35,17,Allan
10/25/2019,Blog,209,30,25,Clarita
10/25/2019,Email Marketing,895,15,15,Allan
10/25/2019,Outross,955,28,23,Thaize
10/25/2019,Email Marketing,1196,23,20,Maria
10/25/2019,Blog,779,17,13,João
10/25/2019,Outross,476,16,6,Thaize
10/25/2019,Afiliados,1187,12,12,Karina
10/25/2019,Blog,1353,31,6,Thaize
10/25/2019,Blog,1124,28,24,Karina
10/25/2019,Afiliados,737,34,20,Allan
10/25/2019,Afiliados,1304,21,9,Maria
10/26/2019,Email Marketing,242,15,12,Karina
10/26/2019,Google Ads,1245,18,16,Clarita
10/26/2019,Blog,147,25,25,Clarita
10/26/2019,Email Marketing,487,30,24,Oscar
10/26/2019,Afiliados,320,14,8,Roberto
10/26/2019,Blog,229,13,8,Maria
10/27/2019,Email Marketing,701,22,13,Roberto
10/27/2019,Email Marketing,1029,29,14,Allan
10/27/2019,Google Ads,1284,28,7,Rodolfo
10/27/2019,Blog,538,25,10,Thaize
10/27/2019,Google Ads,57,16,8,Jorge
10/27/2019,Blog,1157,14,9,Karina
10/27/2019,Email Marketing,1076,25,22,Jorge
10/27/2019,Blog,1005,22,9,Jorge
10/28/2019,Blog,1074,32,29,Jorge
10/28/2019,Email Marketing,620,15,15,Rodolfo
10/28/2019,Email Marketing,1482,26,19,Thaize
10/28/2019,Email Marketing,1340,28,28,João
10/28/2019,Blog,325,25,20,João
10/28/2019,Google Ads,1370,21,7,Jorge
10/28/2019,Email Marketing,680,15,13,Clarita
10/28/2019,Blog,1200,14,9,Clarita
10/28/2019,Email Marketing,322,13,13,Rodolfo
10/28/2019,Blog,223,29,7,Clarita
10/28/2019,Outross,615,34,29,Allan
10/28/2019,Afiliados,1195,32,29,Jorge
10/28/2019,Blog,705,15,6,Maria
10/28/2019,Blog,1212,27,25,Oscar
10/28/2019,Afiliados,502,16,16,Jorge
10/28/2019,Afiliados,605,27,8,Rodolfo
10/29/2019,Email Marketing,1100,27,15,Rodolfo
10/29/2019,Google Ads,776,34,32,Oscar
10/29/2019,Blog,583,22,18,Oscar
10/30/2019,Google Ads,728,15,6,Allan
10/30/2019,Email Marketing,1164,33,23,Roberto
10/30/2019,Afiliados,1054,23,6,Clarita
10/30/2019,Blog,1359,27,12,Allan
10/30/2019,Blog,1272,15,12,Felipe
10/31/2019,Blog,732,13,11,Clarita
10/31/2019,Blog,422,27,15,Roberto
10/31/2019,Email Marketing,1085,17,7,Jorge
10/31/2019,Facebook Ads,91,24,8,Rodolfo
10/31/2019,Email Marketing,1452,28,19,Oscar
10/31/2019,Email Marketing,484,18,17,Thaize
10/31/2019,Email Marketing,979,18,11,Jorge
10/31/2019,Email Marketing,809,32,27,Roberto
10/31/2019,Afiliados,324,12,8,Jorge
10/31/2019,Email Marketing,1311,16,12,Felipe
10/31/2019,Email Marketing,707,14,6,Allan
10/31/2019,Email Marketing,1034,32,32,Jorge
10/31/2019,Google Ads,981,24,11,Allan
10/31/2019,Google Ads,1435,33,19,Allan
10/31/2019,Google Ads,1200,15,14,João
10/31/2019,Blog,342,19,16,Roberto
10/31/2019,Email Marketing,709,20,10,João
10/31/2019,Blog,1277,27,14,Jorge
10/31/2019,Email Marketing,882,24,23,Roberto
10/31/2019,Google Ads,495,20,12,Jorge
10/31/2019,Google Ads,1260,17,17,Rodolfo
10/31/2019,Blog,192,22,21,Jorge
10/31/2019,Email Marketing,1373,16,8,Thaize
10/31/2019,Email Marketing,1170,14,9,Clarita
10/31/2019,Email Marketing,110,20,11,Maria
10/31/2019,Email Marketing,787,24,22,Roberto
10/31/2019,Email Marketing,1243,33,30,Oscar
10/31/2019,Email Marketing,204,17,7,Oscar
10/31/2019,Email Marketing,943,26,16,Oscar
10/31/2019,Email Marketing,1376,28,13,Oscar
10/31/2019,Email Marketing,413,33,8,Roberto
10/31/2019,Outross,271,31,26,Thaize
10/31/2019,Outross,163,15,13,João
10/31/2019,Afiliados,758,32,32,Oscar
10/31/2019,Afiliados,1380,16,12,Roberto
10/31/2019,Blog,195,17,7,Oscar
10/31/2019,Blog,825,12,7,Karina
10/31/2019,Afiliados,575,17,6,Oscar
11/1/2019,Blog,279,30,13,Allan
11/1/2019,Blog,381,31,20,Karina
11/1/2019,Email Marketing,1396,22,19,João
11/1/2019,Email Marketing,916,20,14,João
11/1/2019,Email Marketing,542,14,6,João
11/1/2019,Email Marketing,686,15,7,Jorge
11/1/2019,Afiliados,135,30,27,Felipe
11/1/2019,Outross,884,33,9,Maria
11/1/2019,Email Marketing,580,32,12,Clarita
11/1/2019,Email Marketing,582,22,11,Clarita
11/1/2019,Email Marketing,1438,35,23,Clarita
11/1/2019,Email Marketing,680,20,14,Thaize
11/1/2019,Google Ads,570,22,11,Jorge
11/1/2019,Google Ads,1320,14,7,João
11/1/2019,Google Ads,1391,13,12,Allan
11/1/2019,Google Ads,883,32,18,Roberto
11/1/2019,Email Marketing,1339,22,6,Jorge
11/1/2019,Email Marketing,500,33,33,Jorge
11/1/2019,Blog,276,17,14,Karina
11/1/2019,Email Marketing,955,26,25,Rodolfo
11/1/2019,Google Ads,1195,13,6,Thaize
11/1/2019,Email Marketing,509,27,19,Allan
11/1/2019,Blog,714,33,19,Allan
11/1/2019,Email Marketing,75,17,14,Allan
11/1/2019,Email Marketing,74,20,15,Maria
11/1/2019,Email Marketing,1006,12,6,Karina
11/1/2019,Email Marketing,310,24,21,Allan
11/1/2019,Email Marketing,913,17,16,Oscar
11/1/2019,Email Marketing,1431,20,6,Oscar
11/1/2019,Email Marketing,1391,33,10,Jorge
11/1/2019,Email Marketing,808,30,26,Allan
11/1/2019,Email Marketing,647,34,17,Rodolfo
11/1/2019,Email Marketing,150,15,10,Jorge
11/1/2019,Email Marketing,546,31,26,Oscar
11/1/2019,Outross,1036,20,16,João
11/1/2019,Email Marketing,701,26,26,Felipe
11/1/2019,Outross,1190,17,15,João
11/1/2019,Afiliados,752,32,23,Oscar
11/1/2019,Email Marketing,778,24,15,Karina
11/1/2019,Blog,1048,24,7,Allan
11/1/2019,Blog,1479,24,12,Jorge
11/1/2019,Afiliados,566,15,7,Thaize
11/2/2019,Email Marketing,1203,14,13,Felipe
11/2/2019,Email Marketing,1416,25,18,Roberto
11/2/2019,Blog,537,31,27,Allan
11/2/2019,Google Ads,986,21,7,Rodolfo
11/2/2019,Blog,705,34,20,Roberto
11/2/2019,Google Ads,523,35,31,Thaize
11/2/2019,Blog,741,13,6,Jorge
11/2/2019,Email Marketing,707,17,11,Roberto
11/2/2019,Email Marketing,93,21,14,Maria
11/2/2019,Blog,1120,34,14,Karina
11/3/2019,Blog,960,33,15,Roberto
11/3/2019,Google Ads,376,24,8,Felipe
11/3/2019,Google Ads,848,20,6,Jorge
11/3/2019,Email Marketing,1229,24,19,Thaize
11/3/2019,Email Marketing,122,17,16,Karina
11/3/2019,Blog,1284,20,20,Maria
11/3/2019,Afiliados,294,16,16,Jorge
11/4/2019,Blog,473,12,6,Allan
11/4/2019,Google Ads,674,35,23,Jorge
11/4/2019,Blog,745,16,7,Jorge
11/4/2019,Google Ads,805,24,18,Karina
11/4/2019,Email Marketing,1224,14,9,Felipe
11/4/2019,Email Marketing,69,13,9,Oscar
11/5/2019,Blog,1394,33,12,Rodolfo
11/5/2019,Google Ads,1095,16,12,Felipe
11/5/2019,Google Ads,508,18,13,Oscar
11/5/2019,Email Marketing,337,32,13,João
11/5/2019,Blog,160,32,22,Thaize
11/6/2019,Email Marketing,976,15,11,Maria
11/6/2019,Email Marketing,1291,23,10,Thaize
11/6/2019,Blog,632,22,19,Jorge
11/6/2019,Email Marketing,229,31,14,Allan
11/6/2019,Google Ads,445,21,20,Allan
11/6/2019,Google Ads,789,31,22,Allan
11/6/2019,Google Ads,1244,31,10,Felipe
11/6/2019,Email Marketing,829,28,23,Rodolfo
11/6/2019,Email Marketing,220,20,18,Rodolfo
11/6/2019,Blog,1136,17,7,Roberto
11/6/2019,Blog,673,28,10,Thaize
11/7/2019,Blog,981,13,8,Thaize
11/7/2019,Blog,406,16,9,Maria
11/7/2019,Blog,1041,17,17,Thaize
11/7/2019,Email Marketing,339,26,7,Oscar
11/7/2019,Email Marketing,136,23,20,Clarita
11/7/2019,Email Marketing,498,22,20,Allan
11/7/2019,Blog,70,28,16,Oscar
11/7/2019,Outross,292,27,24,Maria
11/7/2019,Email Marketing,381,28,24,Rodolfo
11/7/2019,Email Marketing,274,22,18,Rodolfo
11/7/2019,Google Ads,442,22,13,Maria
11/7/2019,Google Ads,908,22,6,Oscar
11/7/2019,Email Marketing,960,13,13,Clarita
11/7/2019,Blog,912,17,17,Thaize
11/7/2019,Email Marketing,981,20,16,Roberto
11/7/2019,Facebook,322,24,9,Maria
11/7/2019,Google Ads,1456,22,20,Felipe
11/7/2019,Google Ads,232,16,8,Rodolfo
11/7/2019,Email Marketing,1383,12,10,Jorge
11/7/2019,Blog,998,23,19,Clarita
11/7/2019,Email Marketing,1492,26,7,Maria
11/7/2019,Email Marketing,1163,29,10,Clarita
11/7/2019,Email Marketing,507,27,8,Jorge
11/7/2019,Email Marketing,784,28,19,Felipe
11/7/2019,Email Marketing,857,14,11,Rodolfo
11/7/2019,Email Marketing,1295,34,8,Clarita
11/7/2019,Email Marketing,605,14,12,João
11/7/2019,Email Marketing,154,17,14,Allan
11/7/2019,Email Marketing,1437,17,7,Allan
11/7/2019,Blog,873,29,24,Roberto
11/7/2019,Outross,1072,28,26,Maria
11/7/2019,Afiliados,139,13,12,Maria
11/7/2019,Afiliados,486,28,16,Felipe
11/7/2019,Blog,307,12,7,Felipe
11/7/2019,Blog,439,14,11,Thaize
11/7/2019,Facebook Ads,1174,29,7,Rodolfo
11/8/2019,Email Marketing,225,17,12,Oscar
11/8/2019,Google Ads,121,24,9,Maria
11/8/2019,Email Marketing,610,13,9,Clarita
11/8/2019,Blog,1309,23,14,Jorge
11/8/2019,Google Ads,505,35,14,Rodolfo
11/8/2019,Afiliados,331,34,6,Rodolfo
11/8/2019,Email Marketing,1107,35,26,Allan
11/8/2019,Blog,470,21,11,Oscar
11/9/2019,Blog,1443,26,12,Jorge
11/9/2019,Blog,1099,30,17,Felipe
11/9/2019,Email Marketing,795,23,19,Oscar
11/9/2019,Email Marketing,247,25,14,Felipe
11/9/2019,Blog,186,28,19,Oscar
11/9/2019,Outross,534,27,15,Allan
11/9/2019,Email Marketing,413,26,23,Maria
11/9/2019,Email Marketing,430,32,16,Rodolfo
11/9/2019,Email Marketing,1308,17,11,Oscar
11/9/2019,Google Ads,295,19,11,Thaize
11/9/2019,Google Ads,516,26,26,Jorge
11/9/2019,Google Ads,1285,17,16,Jorge
11/9/2019,Email Marketing,1093,34,12,Karina
11/9/2019,Email Marketing,1485,32,17,Clarita
11/9/2019,Blog,1438,15,15,Karina
11/9/2019,Google Ads,1084,35,23,Oscar
11/9/2019,Blog,1361,20,18,Karina
11/9/2019,Email Marketing,1316,24,19,Jorge
11/9/2019,Email Marketing,1402,35,16,Jorge
11/9/2019,Email Marketing,1271,35,6,Roberto
11/9/2019,Email Marketing,193,20,16,Karina
11/9/2019,Email Marketing,790,12,10,Oscar
11/9/2019,Email Marketing,213,30,13,Roberto
11/9/2019,Email Marketing,229,27,26,Felipe
11/9/2019,Outross,111,29,22,Felipe
11/9/2019,Email Marketing,1474,31,18,Clarita
11/9/2019,Blog,133,20,6,Rodolfo
11/9/2019,Outross,427,26,15,Roberto
11/9/2019,Afiliados,882,30,16,Karina
11/9/2019,Blog,1489,24,13,Maria
11/9/2019,Blog,144,15,7,Jorge
11/9/2019,Afiliados,921,17,8,Felipe
11/10/2019,Blog,1371,27,17,Felipe
11/10/2019,Email Marketing,523,32,24,Rodolfo
11/10/2019,Blog,872,29,7,Karina
11/10/2019,Google Ads,949,34,21,Felipe
11/10/2019,Google Ads,1096,27,16,Maria
11/10/2019,Email Marketing,108,26,10,Oscar
11/10/2019,Email Marketing,593,33,9,Maria
11/10/2019,Blog,527,18,15,Thaize
11/11/2019,Email Marketing,381,21,21,Thaize
11/11/2019,Google Ads,583,20,19,Jorge
11/11/2019,Google Ads,986,21,20,Thaize
11/11/2019,Email Marketing,107,31,7,Maria
11/11/2019,Afiliados,1330,32,13,João
11/11/2019,Blog,728,30,6,Karina
11/12/2019,Email Marketing,799,29,12,Allan
11/12/2019,Google Ads,831,18,13,Karina
11/12/2019,Google Ads,893,23,19,Roberto
11/13/2019,Email Marketing,370,19,18,Allan
11/13/2019,Email Marketing,1014,14,9,Roberto
11/13/2019,Google Ads,426,12,10,João
11/13/2019,Google Ads,1277,32,31,Allan
11/13/2019,Email Marketing,830,29,26,Rodolfo
11/14/2019,Blog,719,13,12,Jorge
11/14/2019,Blog,157,17,11,Rodolfo
11/14/2019,Email Marketing,229,24,16,João
11/14/2019,Email Marketing,612,16,6,Clarita
11/14/2019,Email Marketing,60,31,14,Clarita
11/14/2019,Blog,1080,25,25,Thaize
11/14/2019,Facebook Ads,1156,12,12,Roberto
11/14/2019,Email Marketing,1174,14,8,Allan
11/14/2019,Email Marketing,910,23,13,Jorge
11/14/2019,Email Marketing,167,25,13,João
11/14/2019,Google Ads,729,24,10,Karina
11/14/2019,Google Ads,649,31,16,Jorge
11/14/2019,Email Marketing,129,24,14,Rodolfo
11/14/2019,Email Marketing,1407,13,7,Felipe
11/14/2019,Blog,1238,13,6,João
11/14/2019,Email Marketing,338,21,16,Allan
11/14/2019,Facebook,458,14,12,Jorge
11/14/2019,Google Ads,917,12,9,Allan
11/14/2019,Google Ads,257,32,26,Thaize
11/14/2019,Email Marketing,174,32,16,Karina
11/14/2019,Blog,368,13,11,Allan
11/14/2019,Email Marketing,1466,14,14,Oscar
11/14/2019,Email Marketing,429,19,16,Allan
11/14/2019,Afiliados,1196,17,16,Thaize
11/14/2019,Email Marketing,544,34,14,Jorge
11/14/2019,Email Marketing,563,20,18,Oscar
11/14/2019,Outross,1191,24,13,Jorge
11/14/2019,Email Marketing,1042,20,18,Rodolfo
11/14/2019,Email Marketing,204,19,6,Jorge
11/14/2019,Outross,251,20,8,Thaize
11/14/2019,Afiliados,565,23,22,Jorge
11/14/2019,Blog,1298,17,10,Allan
11/14/2019,Blog,1243,13,11,João
11/14/2019,Afiliados,1235,26,23,João
11/15/2019,Blog,565,28,28,Clarita
11/15/2019,Blog,1375,32,24,Maria
11/15/2019,Email Marketing,680,26,16,Karina
11/15/2019,Email Marketing,141,32,23,Jorge
11/15/2019,Email Marketing,1075,27,7,João
11/15/2019,Email Marketing,259,23,19,João
11/15/2019,Blog,132,20,17,Rodolfo
11/15/2019,Email Marketing,1114,26,7,Felipe
11/15/2019,Email Marketing,1484,12,8,Clarita
11/15/2019,Email Marketing,1368,35,34,João
11/15/2019,Email Marketing,1433,34,8,Oscar
11/15/2019,Email Marketing,687,21,16,Karina
11/15/2019,Afiliados,384,34,24,João
11/15/2019,Google Ads,962,33,26,João
11/15/2019,Google Ads,412,14,12,Clarita
11/15/2019,Email Marketing,110,30,13,João
11/15/2019,Email Marketing,259,15,6,Maria
11/15/2019,Blog,1220,19,15,Oscar
11/15/2019,Email Marketing,838,27,18,Karina
11/15/2019,Facebook,1377,30,11,João
11/15/2019,Google Ads,867,24,16,Oscar
11/15/2019,Google Ads,980,35,14,Karina
11/15/2019,Blog,901,22,6,Felipe
11/15/2019,Email Marketing,721,29,26,Maria
11/15/2019,Email Marketing,715,26,11,Maria
11/15/2019,Email Marketing,330,30,12,Rodolfo
11/15/2019,Email Marketing,119,35,30,Maria
11/15/2019,Email Marketing,1499,14,8,Allan
11/15/2019,Email Marketing,1316,34,9,João
11/15/2019,Email Marketing,733,20,6,Jorge
11/15/2019,Afiliados,1285,25,22,Jorge
11/15/2019,Outross,1261,29,6,Roberto
11/15/2019,Email Marketing,1301,31,18,Rodolfo
11/15/2019,Email Marketing,1389,23,21,Maria
11/15/2019,Email Marketing,537,15,12,Rodolfo
11/15/2019,Outross,813,21,18,Felipe
11/15/2019,Afiliados,89,25,22,Maria
11/15/2019,Blog,402,35,28,Jorge
11/15/2019,Blog,150,31,30,Roberto
11/16/2019,Email Marketing,497,16,16,Allan
11/16/2019,Email Marketing,1011,20,20,Clarita
11/16/2019,Email Marketing,1038,35,7,João
11/16/2019,Email Marketing,944,17,10,Roberto
11/16/2019,Google Ads,76,30,18,Roberto
11/16/2019,Blog,1336,29,14,Jorge
11/16/2019,Google Ads,1061,35,6,Allan
11/16/2019,Email Marketing,811,28,9,Maria
11/16/2019,Afiliados,1418,22,10,Rodolfo
11/16/2019,Blog,188,17,12,Thaize
11/17/2019,Email Marketing,1092,19,11,João
11/17/2019,Email Marketing,790,30,20,Clarita
11/17/2019,Email Marketing,1420,16,14,Allan
11/17/2019,Google Ads,764,29,23,Roberto
11/17/2019,Google Ads,1074,17,9,Thaize
11/17/2019,Email Marketing,1092,35,12,Felipe
11/17/2019,Email Marketing,552,17,17,Allan
11/17/2019,Blog,405,14,10,Thaize
11/17/2019,Blog,98,20,14,Maria
11/18/2019,Blog,1268,27,13,Jorge
11/18/2019,Email Marketing,462,21,17,Roberto
11/18/2019,Email Marketing,116,27,8,Rodolfo
11/18/2019,Google Ads,978,17,9,Maria
11/18/2019,Google Ads,1249,34,18,Thaize
11/18/2019,Blog,1378,30,25,Karina
11/18/2019,Email Marketing,183,32,20,Rodolfo
11/18/2019,Email Marketing,571,32,29,Karina
11/18/2019,Outross,58,25,13,Thaize
11/18/2019,Email Marketing,1263,12,7,Thaize
11/18/2019,Google Ads,519,30,22,Thaize
11/18/2019,Email Marketing,604,18,11,Clarita
11/18/2019,Blog,169,23,7,Roberto
11/19/2019,Email Marketing,950,19,17,Clarita
11/19/2019,Email Marketing,1318,17,9,Roberto
11/19/2019,Google Ads,980,24,20,Karina
11/19/2019,Google Ads,686,28,10,Roberto
11/19/2019,Email Marketing,678,22,13,Thaize
11/19/2019,Email Marketing,975,19,14,Jorge
11/19/2019,Email Marketing,657,24,22,Thaize
11/20/2019,Facebook Ads,253,32,7,Maria
11/20/2019,Afiliados,712,24,23,Maria
11/20/2019,Email Marketing,393,34,10,Jorge
11/20/2019,Email Marketing,1230,34,14,Roberto
11/20/2019,Google Ads,852,23,9,Roberto
11/20/2019,Google Ads,648,13,7,Maria
11/20/2019,Email Marketing,1233,16,7,Roberto
11/20/2019,Email Marketing,1225,32,18,Jorge
11/20/2019,Email Marketing,1295,14,14,Maria
11/20/2019,Blog,1268,35,21,João
11/21/2019,Blog,404,19,9,Jorge
11/21/2019,Blog,1238,16,13,Oscar
11/21/2019,Blog,1247,12,9,João
11/21/2019,Facebook Ads,435,24,16,Oscar
11/21/2019,Email Marketing,1164,25,23,Clarita
11/21/2019,Email Marketing,935,31,18,Jorge
11/21/2019,Email Marketing,393,23,23,Roberto
11/21/2019,Blog,1016,33,18,Oscar
11/21/2019,Afiliados,339,18,14,Felipe
11/21/2019,Email Marketing,1059,27,26,Rodolfo
11/21/2019,Email Marketing,1451,29,15,Maria
11/21/2019,Outross,1491,32,25,Allan
11/21/2019,Facebook Ads,888,22,20,Jorge
11/21/2019,Facebook Ads,1319,15,6,Felipe
11/21/2019,Email Marketing,1387,27,25,Rodolfo
11/21/2019,Email Marketing,1392,35,31,Roberto
11/21/2019,Email Marketing,1311,24,16,Karina
11/21/2019,Google Ads,110,20,11,Thaize
11/21/2019,Google Ads,805,35,10,João
11/21/2019,Email Marketing,342,25,25,Allan
11/21/2019,Email Marketing,967,12,7,Maria
11/21/2019,Blog,918,35,14,Jorge
11/21/2019,Email Marketing,654,29,8,Thaize
11/21/2019,Google Ads,90,30,25,Maria
11/21/2019,Blog,1121,18,15,Jorge
11/21/2019,Email Marketing,830,13,9,João
11/21/2019,Email Marketing,441,12,11,Thaize
11/21/2019,Email Marketing,1326,24,12,Jorge
11/21/2019,Email Marketing,398,21,11,Allan
11/21/2019,Email Marketing,898,14,12,Jorge
11/21/2019,Email Marketing,552,13,12,Roberto
11/21/2019,Email Marketing,260,17,8,Rodolfo
11/21/2019,Email Marketing,1487,28,16,João
11/21/2019,Email Marketing,621,30,14,Oscar
11/21/2019,Email Marketing,794,13,11,Thaize
11/21/2019,Afiliados,1266,29,17,Allan
11/21/2019,Email Marketing,910,23,17,Jorge
11/21/2019,Email Marketing,1219,12,9,Karina
11/21/2019,Email Marketing,414,31,30,Rodolfo
11/21/2019,Email Marketing,1314,16,11,João
11/21/2019,Outross,354,35,30,Rodolfo
11/21/2019,Outross,424,27,21,Jorge
11/21/2019,Afiliados,1106,12,6,Felipe
11/21/2019,Email Marketing,119,22,21,Oscar
11/21/2019,Blog,1267,16,10,Karina
11/21/2019,Blog,394,13,12,Clarita
11/21/2019,Facebook Ads,224,16,13,Jorge
11/21/2019,Afiliados,734,27,9,Clarita
11/22/2019,Blog,1290,26,21,Jorge
11/22/2019,Blog,474,21,14,Clarita
11/22/2019,Blog,878,33,25,Jorge
11/22/2019,Blog,640,21,8,Thaize
11/22/2019,Email Marketing,83,16,11,Karina
11/22/2019,Email Marketing,763,24,11,Allan
11/22/2019,Email Marketing,602,13,8,Rodolfo
11/22/2019,Email Marketing,1012,22,17,Rodolfo
11/22/2019,Email Marketing,331,14,8,Clarita
11/22/2019,Blog,529,33,22,Clarita
11/22/2019,Email Marketing,570,18,17,Thaize
11/22/2019,Email Marketing,1203,15,11,Jorge
11/22/2019,Outross,805,24,9,Rodolfo
11/22/2019,Facebook Ads,345,32,22,Jorge
11/22/2019,Email Marketing,990,22,8,Maria
11/22/2019,Google Ads,97,17,15,João
11/22/2019,Google Ads,77,22,8,Felipe
11/22/2019,Email Marketing,1408,15,6,Clarita
11/22/2019,Email Marketing,1002,23,20,Thaize
11/22/2019,Blog,354,22,7,Oscar
11/22/2019,Email Marketing,1472,12,8,Felipe
11/22/2019,Facebook,155,20,19,Rodolfo
11/22/2019,Google Ads,222,22,7,Clarita
11/22/2019,Email Marketing,1064,29,19,Roberto
11/22/2019,Blog,469,24,14,Clarita
11/22/2019,Email Marketing,1117,26,19,Oscar
11/22/2019,Email Marketing,515,32,19,Jorge
11/22/2019,Email Marketing,857,22,18,Karina
11/22/2019,Email Marketing,908,31,19,Karina
11/22/2019,Email Marketing,380,17,10,Oscar
11/22/2019,Email Marketing,115,29,21,Karina
11/22/2019,Email Marketing,418,34,27,Jorge
11/22/2019,Email Marketing,1434,15,12,Allan
11/22/2019,Email Marketing,1315,35,21,Roberto
11/22/2019,Email Marketing,723,27,21,Allan
11/22/2019,Afiliados,215,35,22,Jorge
11/22/2019,Email Marketing,969,21,15,Thaize
11/22/2019,Outross,616,12,9,Jorge
11/22/2019,Email Marketing,913,33,12,Jorge
11/22/2019,Email Marketing,619,24,19,João
11/22/2019,Outross,1457,19,14,Thaize
11/22/2019,Blog,244,17,8,Karina
11/22/2019,Blog,888,19,15,Rodolfo
11/22/2019,Facebook Ads,75,29,14,Rodolfo
11/23/2019,Email Marketing,1188,18,13,Thaize
11/23/2019,Email Marketing,1199,30,13,Jorge
11/23/2019,Facebook,381,35,8,Thaize
11/23/2019,Google Ads,817,30,14,Felipe
11/23/2019,Blog,700,22,11,Clarita
11/23/2019,Google Ads,1346,34,11,Karina
11/23/2019,Email Marketing,384,19,19,Felipe
11/23/2019,Email Marketing,1223,26,24,Felipe
11/23/2019,Blog,1262,22,10,Felipe
11/23/2019,Blog,937,24,15,Allan
11/24/2019,Blog,775,22,19,Clarita
11/24/2019,Outross,851,13,12,Clarita
11/24/2019,Google Ads,622,29,20,Jorge
11/24/2019,Google Ads,282,19,12,Allan
11/24/2019,Email Marketing,1163,24,17,Karina
11/24/2019,Email Marketing,233,30,22,Oscar
11/25/2019,Blog,389,28,8,Thaize
11/25/2019,Outross,1339,28,20,Allan
11/25/2019,Email Marketing,1229,32,20,Jorge
11/25/2019,Blog,1313,12,12,Felipe
11/25/2019,Email Marketing,764,25,22,Allan
11/25/2019,Email Marketing,303,15,6,Karina
11/25/2019,Google Ads,1214,19,19,Rodolfo
11/25/2019,Blog,103,29,16,Allan
11/25/2019,Google Ads,289,29,9,Felipe
11/25/2019,Email Marketing,571,35,30,Roberto
11/25/2019,Email Marketing,1219,21,6,Jorge
11/25/2019,Email Marketing,741,34,9,Karina
11/25/2019,Blog,1060,34,28,Thaize
11/25/2019,Blog,1357,33,23,Jorge
11/26/2019,Blog,1117,30,18,Clarita
11/26/2019,Facebook Ads,1457,32,10,Oscar
11/26/2019,Google Ads,1036,19,15,Rodolfo
11/26/2019,Google Ads,1450,29,6,João
11/26/2019,Blog,657,31,22,Oscar
11/27/2019,Email Marketing,293,33,12,Felipe
11/27/2019,Email Marketing,1003,28,9,João
11/27/2019,Google Ads,946,12,10,Allan
11/27/2019,Facebook,1174,31,28,Maria
11/27/2019,Google Ads,1300,27,15,Oscar
11/27/2019,Email Marketing,1169,25,8,Maria
11/27/2019,Email Marketing,462,20,18,João
11/27/2019,Blog,367,32,27,Jorge
11/28/2019,Blog,1312,17,8,Roberto
11/28/2019,Blog,1145,30,15,Roberto
11/28/2019,Blog,702,23,8,Felipe
11/28/2019,Blog,85,33,16,Allan
11/28/2019,Outross,1395,21,11,Maria
11/28/2019,Email Marketing,1017,16,10,Jorge
11/28/2019,Email Marketing,1068,15,10,Felipe
11/28/2019,Email Marketing,244,35,6,Freeman
11/28/2019,Email Marketing,772,22,8,Briant
11/28/2019,Email Marketing,906,35,22,Freeman
11/28/2019,Outross,413,21,21,Bryce
11/28/2019,Email Marketing,273,15,7,Turner
11/28/2019,Email Marketing,163,32,28,Rafter
11/28/2019,Email Marketing,1461,25,25,Rafter
11/28/2019,Email Marketing,674,17,8,Rafter
11/28/2019,Google Ads,897,18,15,Granger
11/28/2019,Google Ads,1481,18,13,Granger
11/28/2019,Google Ads,365,30,21,Turner
11/28/2019,Email Marketing,1323,26,26,Freeman
11/28/2019,Outross,309,17,9,Johnson
11/28/2019,Blog,1149,19,13,Osborne
11/28/2019,Email Marketing,402,19,10,Briant
11/28/2019,Google Ads,465,22,16,Rafter
11/28/2019,Google Ads,957,27,17,Briant
11/28/2019,Email Marketing,209,12,7,Briant
11/28/2019,Email Marketing,737,17,15,Turner
11/28/2019,Email Marketing,310,30,6,Freeman
11/28/2019,Email Marketing,949,22,22,Turner
11/28/2019,Email Marketing,810,24,19,Turner
11/28/2019,Email Marketing,1042,12,9,Turner
11/28/2019,Outross,646,18,10,Johnson
11/28/2019,Email Marketing,607,34,33,Freeman
11/28/2019,Email Marketing,85,25,23,Briant
11/28/2019,Email Marketing,1325,18,7,Freeman
11/28/2019,Outross,215,22,14,Osborne
11/28/2019,Email Marketing,557,29,26,Freeman
11/28/2019,Facebook,341,32,31,Freeman
11/28/2019,Outross,268,19,18,Osborne
11/28/2019,Afiliados,809,24,24,Johnson
11/28/2019,Afiliados,919,23,7,Freeman
11/28/2019,Blog,696,14,6,Osborne
11/28/2019,Blog,862,32,11,Osborne
11/28/2019,Outross,513,29,12,Osborne
11/28/2019,Facebook Ads,1143,28,7,Granger
11/29/2019,Blog,1064,27,22,McCarthy
11/29/2019,Blog,202,28,19,McCarthy
11/29/2019,Blog,1025,21,9,McCarthy
11/29/2019,Email Marketing,1032,20,19,McCarthy
11/29/2019,Outross,1127,17,10,McCarthy
11/29/2019,Email Marketing,980,26,8,Freeman
11/29/2019,Email Marketing,339,34,23,Briant
11/29/2019,Email Marketing,1417,26,21,Briant
11/29/2019,Email Marketing,94,17,12,Freeman
11/29/2019,Email Marketing,903,25,7,Briant
11/29/2019,Email Marketing,946,27,8,Freeman
11/29/2019,Email Marketing,780,12,7,Turner
11/29/2019,Email Marketing,1478,13,9,Rafter
11/29/2019,Email Marketing,1088,14,10,Rafter
11/29/2019,Google Ads,1181,24,10,Granger
11/29/2019,Google Ads,196,32,27,Turner
11/29/2019,Email Marketing,941,12,6,Freeman
11/29/2019,Email Marketing,1441,23,6,Freeman
11/29/2019,Blog,229,32,16,Osborne
11/29/2019,Email Marketing,525,33,19,Briant
11/29/2019,Google Ads,336,32,12,Briant
11/29/2019,Blog,373,22,9,Osborne
11/29/2019,Email Marketing,97,35,24,Briant
11/29/2019,Email Marketing,670,29,10,Briant
11/29/2019,Email Marketing,819,17,7,Turner
11/29/2019,Email Marketing,1436,17,17,Freeman
11/29/2019,Email Marketing,582,29,15,Turner
11/29/2019,Email Marketing,409,31,17,Turner
11/29/2019,Email Marketing,1341,34,18,Turner
11/29/2019,Outross,1037,22,10,Johnson
11/29/2019,Email Marketing,689,21,19,Freeman
11/29/2019,Email Marketing,282,13,11,Briant
11/29/2019,Email Marketing,169,17,14,Freeman
11/29/2019,Outross,840,31,21,Osborne
11/29/2019,Email Marketing,865,16,16,Freeman
11/29/2019,Outross,968,33,33,Osborne
11/29/2019,Afiliados,560,20,13,Johnson
11/29/2019,Afiliados,243,21,16,Freeman
11/29/2019,Email Marketing,1470,35,18,Freeman
11/29/2019,Blog,681,27,24,Osborne
11/29/2019,Blog,761,16,16,Osborne
11/29/2019,Facebook Ads,609,14,12,Granger
11/29/2019,Afiliados,621,26,8,Green
11/30/2019,Email Marketing,866,32,27,McCarthy
11/30/2019,Email Marketing,1489,15,9,Freeman
11/30/2019,Email Marketing,266,25,16,Freeman
11/30/2019,Google Ads,911,31,23,Granger
11/30/2019,Email Marketing,1093,21,6,Freeman
11/30/2019,Blog,191,21,18,Osborne
11/30/2019,Google Ads,1025,32,12,Briant
11/30/2019,Email Marketing,1058,14,9,Turner
11/30/2019,Email Marketing,833,23,15,Briant
11/30/2019,Blog,710,15,9,Osborne
11/30/2019,Blog,304,31,22,Osborne
12/1/2019,Email Marketing,1216,35,9,Freeman
12/1/2019,Google Ads,807,27,17,Granger
12/1/2019,Blog,817,27,23,Osborne
12/1/2019,Google Ads,1162,27,25,Briant
12/1/2019,Email Marketing,799,21,12,Turner
12/1/2019,Email Marketing,74,18,16,Briant
12/1/2019,Afiliados,377,17,13,Johnson
12/1/2019,Blog,1213,13,12,Osborne
12/2/2019,Email Marketing,813,35,6,Freeman
12/2/2019,Google Ads,758,25,16,Granger
12/2/2019,Google Ads,212,20,11,Briant
12/2/2019,Email Marketing,1026,15,14,Briant
12/2/2019,Email Marketing,1029,22,13,Turner
12/2/2019,Email Marketing,167,27,14,Freeman
12/2/2019,Blog,1148,20,15,Osborne
12/2/2019,Blog,1223,14,13,Osborne
12/3/2019,Email Marketing,505,12,10,Freeman
12/3/2019,Google Ads,1328,19,18,Granger
12/3/2019,Google Ads,614,35,29,Briant
12/3/2019,Email Marketing,920,24,11,Briant
12/3/2019,Blog,932,28,8,Osborne
12/3/2019,Blog,730,19,14,Osborne
12/4/2019,Email Marketing,910,26,10,Freeman
12/4/2019,Google Ads,108,27,27,Granger
12/4/2019,Google Ads,274,12,8,Briant
12/4/2019,Email Marketing,939,31,19,Briant
12/4/2019,Email Marketing,928,21,16,Turner
12/5/2019,Blog,1003,15,13,McCarthy
12/5/2019,Blog,1040,25,22,McCarthy
12/5/2019,Facebook Ads,964,12,6,McCarthy
12/5/2019,Email Marketing,271,21,15,Briant
12/5/2019,Email Marketing,856,19,15,Briant
12/5/2019,Email Marketing,793,27,25,Freeman
12/5/2019,Blog,1093,28,23,Freeman
12/5/2019,Email Marketing,905,18,13,Freeman
12/5/2019,Email Marketing,914,14,13,Briant
12/5/2019,Email Marketing,993,33,32,Freeman
12/5/2019,Email Marketing,297,31,29,Freeman
12/5/2019,Outross,1088,30,21,Bryce
12/5/2019,Facebook Ads,1200,35,21,Briant
12/5/2019,Email Marketing,241,13,6,Turner
12/5/2019,Email Marketing,865,19,18,Rafter
12/5/2019,Google Ads,1183,31,21,Granger
12/5/2019,Google Ads,1418,24,22,Briant
12/5/2019,Google Ads,665,26,6,Granger
12/5/2019,Google Ads,728,13,9,Turner
12/5/2019,Email Marketing,744,21,9,Turner
12/5/2019,Email Marketing,851,19,13,Freeman
12/5/2019,Blog,1048,14,6,Osborne
12/5/2019,Email Marketing,993,27,27,Briant
12/5/2019,Google Ads,475,18,6,Briant
12/5/2019,Email Marketing,69,32,6,Briant
12/5/2019,Email Marketing,1429,22,9,Turner
12/5/2019,Email Marketing,292,20,9,Freeman
12/5/2019,Email Marketing,1084,14,7,Turner
12/5/2019,Email Marketing,869,29,23,Turner
12/5/2019,Email Marketing,297,12,11,Turner
12/5/2019,Email Marketing,923,16,11,Freeman
12/5/2019,Email Marketing,376,29,26,Turner
12/5/2019,Email Marketing,1468,34,19,Freeman
12/5/2019,Email Marketing,1050,33,21,Turner
12/5/2019,Email Marketing,162,24,17,Rafter
12/5/2019,Outross,424,27,11,Osborne
12/5/2019,Email Marketing,92,12,10,Freeman
12/5/2019,Outross,912,13,13,Osborne
12/5/2019,Afiliados,82,16,6,Johnson
12/5/2019,Afiliados,437,35,30,Freeman
12/5/2019,Blog,302,19,18,Osborne
12/5/2019,Blog,483,23,12,Osborne
12/5/2019,Afiliados,80,13,10,Green
12/6/2019,Blog,1464,16,9,McCarthy
12/6/2019,Outross,1242,12,9,McCarthy
12/6/2019,Email Marketing,898,25,7,Freeman
12/6/2019,Email Marketing,1352,12,9,Briant
12/6/2019,Email Marketing,454,14,14,Freeman
12/6/2019,Blog,693,12,9,Freeman
12/6/2019,Email Marketing,451,20,8,Freeman
12/6/2019,Email Marketing,482,28,28,Briant
12/6/2019,Email Marketing,655,26,12,Freeman
12/6/2019,Facebook,556,32,13,Osborne
12/6/2019,Email Marketing,399,23,11,Turner
12/6/2019,Google Ads,582,18,17,Granger
12/6/2019,Google Ads,1432,22,15,Briant
12/6/2019,Google Ads,363,33,32,Granger
12/6/2019,Google Ads,1299,15,14,Turner
12/6/2019,Email Marketing,83,16,7,Freeman
12/6/2019,Blog,59,32,30,Osborne
12/6/2019,Email Marketing,221,35,12,Briant
12/6/2019,Facebook,309,20,20,Rafter
12/6/2019,Google Ads,684,15,13,Briant
12/6/2019,Email Marketing,955,16,12,Briant
12/6/2019,Email Marketing,965,26,14,Turner
12/6/2019,Email Marketing,988,31,30,Freeman
12/6/2019,Email Marketing,786,22,14,Turner
12/6/2019,Email Marketing,788,12,12,Turner
12/6/2019,Email Marketing,733,14,14,Freeman
12/6/2019,Email Marketing,864,13,11,Briant
12/6/2019,Email Marketing,1283,12,12,Turner
12/6/2019,Outross,770,18,13,Osborne
12/6/2019,Email Marketing,693,17,12,Freeman
12/6/2019,Outross,983,17,13,Osborne
12/6/2019,Afiliados,392,14,13,Johnson
12/6/2019,Afiliados,528,17,14,Freeman
12/6/2019,Blog,726,33,9,Osborne
12/6/2019,Blog,777,27,9,Osborne
12/7/2019,Email Marketing,346,14,14,Freeman
12/7/2019,Email Marketing,1163,19,6,Freeman
12/7/2019,Google Ads,930,22,12,Granger
12/7/2019,Google Ads,1138,21,18,Briant
12/7/2019,Email Marketing,84,25,23,Turner
12/7/2019,Blog,217,14,8,Osborne
12/8/2019,Email Marketing,1295,30,25,Freeman
12/8/2019,Email Marketing,1027,32,23,Freeman
12/8/2019,Google Ads,421,18,16,Granger
12/8/2019,Google Ads,513,33,22,Briant
12/8/2019,Email Marketing,512,12,11,Turner
12/8/2019,Email Marketing,893,22,15,Freeman
12/9/2019,Email Marketing,1318,17,6,Freeman
12/9/2019,Google Ads,1075,33,14,Briant
12/9/2019,Google Ads,264,34,24,Granger
12/9/2019,Google Ads,1364,32,13,Granger
12/9/2019,Google Ads,1394,33,14,Briant
12/9/2019,Email Marketing,753,25,8,Turner
12/9/2019,Afiliados,302,19,15,Turner
12/9/2019,Outross,301,21,20,Osborne
12/9/2019,Email Marketing,1377,12,12,Freeman
12/9/2019,Blog,377,13,7,Osborne
12/10/2019,Email Marketing,560,20,11,Freeman
12/10/2019,Email Marketing,1143,14,13,Freeman
12/10/2019,Google Ads,876,22,6,Granger
12/10/2019,Google Ads,1085,15,13,Briant
12/10/2019,Email Marketing,1010,16,13,Turner
12/10/2019,Blog,391,32,11,Osborne
12/11/2019,Email Marketing,263,19,15,Freeman
12/11/2019,Email Marketing,138,23,15,Freeman
12/11/2019,Google Ads,348,23,14,Granger
12/11/2019,Google Ads,230,23,7,Briant
12/11/2019,Email Marketing,639,26,9,Briant
12/11/2019,Blog,913,27,15,Osborne
12/12/2019,Blog,1195,17,17,McCarthy
12/12/2019,Email Marketing,275,17,8,McCarthy
12/12/2019,Email Marketing,1047,12,7,Briant
12/12/2019,Email Marketing,350,22,20,Briant
12/12/2019,Email Marketing,448,20,14,Briant
12/12/2019,Email Marketing,895,31,27,Briant
12/12/2019,Email Marketing,688,34,29,Freeman
12/12/2019,Blog,1290,15,6,Freeman
12/12/2019,Email Marketing,1159,21,8,Freeman
12/12/2019,Email Marketing,484,20,15,Briant
12/12/2019,Email Marketing,333,33,16,Freeman
12/12/2019,Facebook,888,28,23,Osborne
12/12/2019,Email Marketing,1480,13,6,Turner
12/12/2019,Email Marketing,754,30,26,Rafter
12/12/2019,Afiliados,1205,28,16,Osborne
12/12/2019,Google Ads,851,15,15,Granger
12/12/2019,Google Ads,820,13,13,Briant
12/12/2019,Google Ads,1414,22,22,Granger
12/12/2019,Google Ads,1263,31,14,Turner
12/12/2019,Email Marketing,1050,19,16,Freeman
12/12/2019,Blog,1414,13,12,Osborne
12/12/2019,Email Marketing,450,18,16,Briant
12/12/2019,Google Ads,1453,14,12,Rafter
12/12/2019,Google Ads,862,20,7,Briant
12/12/2019,Email Marketing,162,30,20,Rafter
12/12/2019,Email Marketing,502,24,24,Briant
12/12/2019,Email Marketing,944,26,8,Turner
12/12/2019,Email Marketing,1305,26,11,Freeman
12/12/2019,Email Marketing,925,21,7,Turner
12/12/2019,Email Marketing,1491,32,32,Turner
12/12/2019,Email Marketing,1345,22,6,Turner
12/12/2019,Email Marketing,207,23,14,Freeman
12/12/2019,Email Marketing,333,21,9,Briant
12/12/2019,Email Marketing,712,13,6,Turner
12/12/2019,Email Marketing,832,18,12,Freeman
12/12/2019,Afiliados,353,33,9,Johnson
12/12/2019,Outross,908,28,17,Osborne
12/12/2019,Email Marketing,1323,28,13,Freeman
12/12/2019,Email Marketing,573,12,11,Freeman
12/12/2019,Outross,1154,21,15,Osborne
12/12/2019,Afiliados,1396,31,10,Johnson
12/12/2019,Blog,468,17,6,Osborne
12/12/2019,Blog,639,17,6,Osborne
